height,is_leader,proposer,is_byz,is_crash,round,bct,pdt,timeout,byz_timeout,vc-cost,threat,discretionary,cost,crash,reward,latency,tx_num,tps,delay_time,min,max,avg,std,deliver_time
1,0,0,0,0,0,519.4048202832067,519.4048202832067,3000.0,0,0,0,0,0,0,0,0,0,0,0.0,0,0,0,0
2,0,0,0,0,0,469.3315690582824,469.3315690582824,3000.0,0,0,0,0,0,0,0,0,0,0,0.0,0,0,0,0
3,0,0,0,0,0,431.57876925202044,431.57876925202044,3000.0,0,0,0,0,0,0,0,0,0,0,0.0,0,0,0,0
4,0,0,0,0,0,426.85592385825294,426.85592385825294,3000.0,0,0,0,0,0,0,0,0,0,0,0.0,0,0,0,0
5,0,0,0,0,0,511.2882495119765,511.2882495119765,3000.0,0,0,0,0,0,0,0,0,0,0,0.0,0,0,0,0
6,0,0,0,0,0,568.9925233195439,568.9925233195439,3000.0,0,0,0,0,0,0,0,0,0,0,0.0,0,0,0,0
7,0,0,0,0,0,533.2752044036982,533.2752044036982,3000.0,0,0,0,0,0,0,0,0,0,0,0.0,0,0,0,0
8,0,0,0,0,0,663.1380207212021,663.1380207212021,3000.0,0,0,0,0,0,0,0,0,0,0,0.0,0,0,0,0
9,0,0,0,0,0,511.6057071408876,511.6057071408876,3000.0,0,0,0,0,0,0,0,0,0,0,0.0,0,0,0,0
10,0,0,0,0,0,419.2618025274233,419.2618025274233,3000.0,0,0,0,0,0,0,0,0,0,0,0.0,0,0,0,0
11,0,0,0,0,0,581.5697305263774,581.5697305263774,3000.0,0,0,0,0,0,0,0,0,0,0,0.0,0,0,0,0
12,0,0,0,0,0,352.05080980711716,352.05080980711716,3000.0,0,0,0,0,0,0,0,0,0,0,0.0,0,0,0,0
13,0,0,0,0,0,505.36170417466946,505.36170417466946,3000.0,0,0,0,0,0,0,0,0,0,0,0.0,0,0,0,0
14,0,0,0,0,0,491.22218087262235,491.22218087262235,3000.0,0,0,0,0,0,0,0,0,0,0,0.0,0,0,0,0
15,0,0,0,0,0,633.9773510342701,633.9773510342701,3000.0,0,0,0,0,0,0,0,0,0,0,0.0,0,0,0,0
16,0,0,0,0,0,630.7144103127968,630.7144103127968,3000.0,0,0,0,0,0,0,0,0,0,0,0.0,0,0,0,0
17,0,0,0,0,0,438.55782049199087,438.55782049199087,3000.0,0,0,0,0,0,0,0,0,0,0,0.0,0,0,0,0
18,0,0,0,0,0,551.1684785112313,551.1684785112313,3000.0,0,0,0,0,0,0,0,0,0,0,0.0,0,0,0,0
19,0,0,0,0,0,419.89612941543993,419.89612941543993,3000.0,0,0,0,0,0,0,0,0,0,0,0.0,0,0,0,0
20,0,0,0,0,0,581.9146682752149,581.9146682752149,3000.0,0,0,0,0,0,0,0,0,0,0,0.0,0,0,0,0
21,0,0,0,0,0,626.010366196434,626.010366196434,3000.0,0,0,0,0,0,0,0,0,0,0,0.0,0,0,0,0
22,0,0,0,0,0,482.0508237104051,482.0508237104051,3000.0,0,0,0,0,0,0,0,0,0,0,0.0,0,0,0,0
23,0,0,0,0,0,408.02488676736664,408.02488676736664,3000.0,0,0,0,0,0,0,0,0,0,0,0.0,0,0,0,0
24,0,0,0,0,0,325.68668352504517,325.68668352504517,3000.0,0,0,0,0,0,0,0,0,0,0,0.0,0,0,0,0
25,0,0,0,0,0,422.2722264602644,422.2722264602644,3000.0,0,0,0,0,0,0,0,0,0,0,0.0,0,0,0,0
26,0,0,0,0,0,357.94262227171623,357.94262227171623,3000.0,0,0,0,0,0,0,0,0,0,0,0.0,0,0,0,0
27,0,0,0,0,0,414.38237612726743,414.38237612726743,3000.0,0,0,0,0,0,0,0,0,0,0,0.0,0,0,0,0
28,0,0,0,0,0,385.65840233526995,385.65840233526995,3000.0,0,0,0,0,0,0,0,0,0,0,0.0,0,0,0,0
29,0,0,0,0,0,580.4939894337444,580.4939894337444,3000.0,0,0,0,0,0,0,0,0,0,0,0.0,0,0,0,0
30,0,0,0,0,0,403.0948384869337,403.0948384869337,3000.0,0,0,0,0,0,0,0,0,0,0,0.0,0,0,0,0
31,0,0,0,0,0,559.7507425289223,559.7507425289223,807.0720303412161,0,0,0,0,0,0,0,0,0,0,0.0,0,0,0,0
32,0,0,0,0,0,592.7821188956317,592.7821188956317,1023.3247030041839,0,0,0,0,0,0,0,0,0,0,0.0,0,0,0,0
33,0,0,0,0,0,456.1335290670491,456.1335290670491,1206.3907527402976,0,0,0,0,0,0,0,0,0,0,0.0,0,0,0,0
34,0,0,0,0,0,458.9024731347799,458.9024731347799,772.1679635835765,0,0,0,0,0,0,0,0,0,0,0.0,0,0,0,0
35,0,0,0,0,1,671.6895745119964,1343.3791490239928,633.0506710066494,0,0,0,0,0,0,0,0,0,0,0.0,0,0,0,0
36,0,0,0,0,0,473.4366879920704,473.4366879920704,1698.7492026454127,0,0,0,0,0,0,0,0,0,0,0.0,0,0,0,0
37,0,0,0,0,0,643.0648020709958,643.0648020709958,832.5696746829067,0,0,0,0,0,0,0,0,0,0,0.0,0,0,0,0
38,0,0,0,0,0,695.7125601351804,695.7125601351804,778.5726811236427,0,0,0,0,0,0,0,0,0,0,0.0,0,0,0,0
39,0,0,0,0,0,642.179574539881,642.179574539881,1380.5857448046727,0,0,0,0,0,0,0,0,0,0,0.0,0,0,0,0
40,0,0,0,0,0,728.8690967428666,728.8690967428666,780.4630248541716,0,0,0,0,0,0,0,0,0,0,0.0,0,0,0,0
41,0,0,0,0,0,453.7145542388663,453.7145542388663,1431.2991399006924,0,0,0,0,0,0,0,0,0,0,0.0,0,0,0,0
42,0,0,0,0,0,428.69189461439544,428.69189461439544,1345.1134140100348,0,0,0,0,0,0,0,0,0,0,0.0,0,0,0,0
43,0,0,0,0,0,291.3192326963939,291.3192326963939,1272.7695602266842,0,0,0,0,0,0,0,0,0,0,0.0,0,0,0,0
44,0,0,0,0,0,425.0824820342585,425.0824820342585,1561.1236704717492,0,0,0,0,0,0,0,0,0,0,0.0,0,0,0,0
45,0,0,0,0,0,652.9946761652664,652.9946761652664,732.4091252360988,0,0,0,0,0,0,0,0,0,0,0.0,0,0,0,0
46,0,0,0,0,0,499.3790646875272,499.3790646875272,1163.0009369579493,0,0,0,0,0,0,0,0,0,0,0.0,0,0,0,0
47,0,0,0,0,0,392.242168924447,392.242168924447,785.520498393591,0,0,0,0,0,0,0,0,0,0,0.0,0,0,0,0
48,0,0,0,0,0,743.0717756353254,743.0717756353254,795.8356177473279,0,0,0,0,0,0,0,0,0,0,0.0,0,0,0,0
49,0,0,0,0,0,451.9621826641621,451.9621826641621,1711.8326860252173,0,0,0,0,0,0,0,0,0,0,0.0,0,0,0,0
50,0,0,0,0,0,508.839198669172,508.839198669172,1954.5459071128523,0,0,0,0,0,0,0,0,0,0,0.0,0,0,0,0
51,0,0,0,0,0,527.1197775614702,527.1197775614702,700.3522937981924,0,0,0,0,0,0,0,0,0,0,0.0,0,0,0,0
52,0,0,0,0,0,561.1003272533192,561.1003272533192,653.413931213893,0,0,0,0,0,0,0,0,0,0,0.0,0,0,0,0
53,0,0,0,0,0,472.2057790835999,472.2057790835999,680.1695189127443,0,0,0,0,0,0,0,0,0,0,0.0,0,0,0,0
54,0,0,0,0,0,543.4667639222083,543.4667639222083,712.8876801651362,0,0,0,0,0,0,0,0,0,0,0.0,0,0,0,0
55,0,0,0,0,0,626.8569758222523,626.8569758222523,665.8725298788582,0,0,0,0,0,0,0,0,0,0,0.0,0,0,0,0
56,0,0,0,0,0,488.6415304569377,488.6415304569377,1189.9245883836768,0,0,0,0,0,0,0,0,0,0,0.0,0,0,0,0
57,0,0,0,0,0,552.823476776144,552.823476776144,895.0107413864646,0,0,0,0,0,0,0,0,0,0,0.0,0,0,0,0
58,0,0,0,0,0,329.6435765938735,329.6435765938735,881.9358146736683,0,0,0,0,0,0,0,0,0,0,0.0,0,0,0,0
59,0,0,0,0,0,719.9428465290828,719.9428465290828,1551.8758754452047,0,0,0,0,0,0,0,0,0,0,0.0,0,0,0,0
60,0,0,0,0,0,411.35341668118497,411.35341668118497,1921.3764417838725,0,0,0,0,0,0,0,0,0,0,0.0,0,0,0,0
61,0,0,0,0,0,360.39927796368937,360.39927796368937,1707.246833644455,0,0,0,0,0,0,0,0,0,0,0.0,0,0,0,0
62,0,0,0,0,0,426.3754030447522,426.3754030447522,1421.155212892936,0,0,0,0,0,0,0,0,0,0,0.0,0,0,0,0
63,0,0,0,0,0,411.0376197837153,411.0376197837153,1244.209750982378,0,0,0,0,0,0,0,0,0,0,0.0,0,0,0,0
64,0,0,0,0,0,417.6601151869346,417.6601151869346,1091.8226034169334,0,0,0,0,0,0,0,0,0,0,0.0,0,0,0,0
65,0,0,0,0,0,403.12474435124375,403.12474435124375,956.2334625415153,0,0,0,0,0,0,0,0,0,0,0.0,0,0,0,0
66,0,0,0,0,1,763.4842270067263,1526.9684540134526,476.8265947631935,0,0,0,0,0,0,0,0,0,0,0.0,0,0,0,0
67,0,0,0,0,0,505.02131805844874,505.02131805844874,1270.9272707908087,0,0,0,0,0,0,0,0,0,0,0.0,0,0,0,0
68,0,0,0,0,0,485.60221816289396,485.60221816289396,1014.8273450921685,0,0,0,0,0,0,0,0,0,0,0.0,0,0,0,0
69,0,0,0,0,0,401.30736872684867,401.30736872684867,971.4942793608785,0,0,0,0,0,0,0,0,0,0,0.0,0,0,0,0
70,0,0,0,0,0,556.7879221752067,556.7879221752067,798.8998391352046,0,0,0,0,0,0,0,0,0,0,0.0,0,0,0,0
71,0,0,0,0,0,554.4193746778024,554.4193746778024,789.9213871301725,0,0,0,0,0,0,0,0,0,0,0.0,0,0,0,0
72,0,0,0,0,0,422.6243790957759,422.6243790957759,586.3511973076553,0,0,0,0,0,0,0,0,0,0,0.0,0,0,0,0
73,0,0,0,0,1,518.0846355985574,1036.1692711971148,475.92428080586996,0,0,0,0,0,0,0,0,0,0,0.0,0,0,0,0
74,0,0,0,0,0,525.9389364811225,525.9389364811225,748.6043528628455,0,0,0,0,0,0,0,0,0,0,0.0,0,0,0,0
75,0,0,0,0,0,611.6132761906483,611.6132761906483,766.0002877808749,0,0,0,0,0,0,0,0,0,0,0.0,0,0,0,0
76,0,0,0,0,0,455.1171363688689,455.1171363688689,1036.8397238129828,0,0,0,0,0,0,0,0,0,0,0.0,0,0,0,0
77,0,0,0,0,0,438.0341241585695,438.0341241585695,935.1167873253314,0,0,0,0,0,0,0,0,0,0,0.0,0,0,0,0
78,0,0,0,0,0,560.8829212991247,560.8829212991247,897.89964843296,0,0,0,0,0,0,0,0,0,0,0.0,0,0,0,0
79,0,0,0,0,0,468.01277793740053,468.01277793740053,917.5212238837871,0,0,0,0,0,0,0,0,0,0,0.0,0,0,0,0
80,0,0,0,0,0,474.4941196082763,474.4941196082763,881.774278625398,0,0,0,0,0,0,0,0,0,0,0.0,0,0,0,0
81,0,0,0,0,0,478.8252672076618,478.8252672076618,858.4690551276542,0,0,0,0,0,0,0,0,0,0,0.0,0,0,0,0
82,0,0,0,0,0,556.7871712068942,556.7871712068942,823.6451980586585,0,0,0,0,0,0,0,0,0,0,0.0,0,0,0,0
83,0,0,0,0,0,613.0489927806,613.0489927806,849.6043240130742,0,0,0,0,0,0,0,0,0,0,0.0,0,0,0,0
84,0,0,0,0,0,604.0267996113298,604.0267996113298,1052.467485345065,0,0,0,0,0,0,0,0,0,0,0.0,0,0,0,0
85,0,0,0,0,0,622.7099528109387,622.7099528109387,1109.3767463028303,0,0,0,0,0,0,0,0,0,0,0.0,0,0,0,0
86,0,0,0,0,0,519.2174193628746,519.2174193628746,1113.5512037708113,0,0,0,0,0,0,0,0,0,0,0.0,0,0,0,0
87,0,0,0,0,0,554.7646902697608,554.7646902697608,1027.1602243828647,0,0,0,0,0,0,0,0,0,0,0.0,0,0,0,0
88,0,0,0,0,0,599.0860882740383,599.0860882740383,1007.9074514760732,0,0,0,0,0,0,0,0,0,0,0.0,0,0,0,0
89,0,0,0,0,0,492.8948254143488,492.8948254143488,909.7779599478184,0,0,0,0,0,0,0,0,0,0,0.0,0,0,0,0
90,0,0,0,0,0,277.3625297540001,277.3625297540001,975.7597881877648,0,0,0,0,0,0,0,0,0,0,0.0,0,0,0,0
91,0,0,0,0,0,659.8999828450745,659.8999828450745,1884.8244232937807,0,0,0,0,0,0,0,0,0,0,0.0,0,0,0,0
92,0,0,0,0,0,632.3827242889654,632.3827242889654,1931.0260629156894,0,0,0,0,0,0,0,0,0,0,0.0,0,0,0,0
93,0,0,0,0,0,510.7041964062569,510.7041964062569,1679.8118210380176,0,0,0,0,0,0,0,0,0,0,0.0,0,0,0,0
94,0,0,0,0,0,534.9150209840178,534.9150209840178,1352.6317631963366,0,0,0,0,0,0,0,0,0,0,0.0,0,0,0,0
95,0,0,0,0,0,568.8606209580994,568.8606209580994,1209.4848089895377,0,0,0,0,0,0,0,0,0,0,0.0,0,0,0,0
96,0,0,0,0,0,542.7849871110409,542.7849871110409,1177.3170471405015,0,0,0,0,0,0,0,0,0,0,0.0,0,0,0,0
97,0,0,0,0,0,512.4695344907622,512.4695344907622,932.0208647231984,0,0,0,0,0,0,0,0,0,0,0.0,0,0,0,0
98,0,0,0,0,0,499.84084862133585,499.84084862133585,790.3344988265594,0,0,0,0,0,0,0,0,0,0,0.0,0,0,0,0
99,0,0,0,0,0,681.9407374091053,681.9407374091053,857.182687855626,0,0,0,0,0,0,0,0,0,0,0.0,0,0,0,0
100,0,0,0,0,0,636.6027217925878,636.6027217925878,799.2591966653536,0,0,0,0,0,0,0,0,0,0,0.0,0,0,0,0
101,0,0,0,0,0,431.4178672197866,431.4178672197866,824.4640000730712,0,0,0,0,0,0,0,0,0,0,0.0,0,0,0,0
102,0,0,0,0,0,611.9768899476637,611.9768899476637,1675.4831404634785,0,0,0,0,0,0,0,0,0,0,0.0,0,0,0,0
103,0,0,0,0,0,376.09745310384636,376.09745310384636,1401.6372093042573,0,0,0,0,0,0,0,0,0,0,0.0,0,0,0,0
104,0,0,0,0,0,404.85873967715634,404.85873967715634,1436.1259354244648,0,0,0,0,0,0,0,0,0,0,0.0,0,0,0,0
105,0,0,0,0,0,384.4241852307855,384.4241852307855,1407.6227332666024,0,0,0,0,0,0,0,0,0,0,0.0,0,0,0,0
106,0,0,0,0,0,448.95251697985907,448.95251697985907,1356.5740824969328,0,0,0,0,0,0,0,0,0,0,0.0,0,0,0,0
107,0,0,0,0,0,516.1864502370585,516.1864502370585,1201.775683225448,0,0,0,0,0,0,0,0,0,0,0.0,0,0,0,0
108,0,0,0,0,0,396.67798114758676,396.67798114758676,1081.3466250766412,0,0,0,0,0,0,0,0,0,0,0.0,0,0,0,0
109,0,0,0,0,0,285.9298684504947,285.9298684504947,1071.1201102812463,0,0,0,0,0,0,0,0,0,0,0.0,0,0,0,0
110,0,0,0,0,0,439.8286255126749,439.8286255126749,1056.2594506077571,0,0,0,0,0,0,0,0,0,0,0.0,0,0,0,0
111,0,0,0,0,0,420.49467770857,420.49467770857,1017.5065070235621,0,0,0,0,0,0,0,0,0,0,0.0,0,0,0,0
112,0,0,0,0,0,517.5460110867879,517.5460110867879,547.8028620755554,0,0,0,0,0,0,0,0,0,0,0.0,0,0,0,0
113,0,0,0,0,0,670.2878066897046,670.2878066897046,905.7300178517294,0,0,0,0,0,0,0,0,0,0,0.0,0,0,0,0
114,0,0,0,0,0,589.7410487286479,589.7410487286479,1735.3195688558978,0,0,0,0,0,0,0,0,0,0,0.0,0,0,0,0
115,0,0,0,0,0,489.0172806014957,489.0172806014957,1881.5460417415502,0,0,0,0,0,0,0,0,0,0,0.0,0,0,0,0
116,0,0,0,0,0,314.6776357324043,314.6776357324043,1677.8742921857026,0,0,0,0,0,0,0,0,0,0,0.0,0,0,0,0
117,0,0,0,0,0,457.3861476451951,457.3861476451951,1409.588194890443,0,0,0,0,0,0,0,0,0,0,0.0,0,0,0,0
118,0,0,0,0,0,691.7642337164705,691.7642337164705,1423.8222501141827,0,0,0,0,0,0,0,0,0,0,0.0,0,0,0,0
119,0,0,0,0,0,221.0641097922757,221.0641097922757,1557.941947405708,0,0,0,0,0,0,0,0,0,0,0.0,0,0,0,0
120,0,0,0,0,0,576.8414211482535,576.8414211482535,1282.6332738254757,0,0,0,0,0,0,0,0,0,0,0.0,0,0,0,0
121,0,0,0,0,0,552.3935597492989,552.3935597492989,1283.6002144457177,0,0,0,0,0,0,0,0,0,0,0.0,0,0,0,0
122,0,0,0,0,0,479.3948281668773,479.3948281668773,1389.845303532717,0,0,0,0,0,0,0,0,0,0,0.0,0,0,0,0
123,0,0,0,0,0,651.6699228776079,651.6699228776079,1304.788219614758,0,0,0,0,0,0,0,0,0,0,0.0,0,0,0,0
124,0,0,0,0,0,484.5783583481893,484.5783583481893,1377.6197655633482,0,0,0,0,0,0,0,0,0,0,0.0,0,0,0,0
125,0,0,0,0,0,587.6822207451235,587.6822207451235,1361.196831818871,0,0,0,0,0,0,0,0,0,0,0.0,0,0,0,0
126,0,0,0,0,0,548.7603830205995,548.7603830205995,1138.9764065936324,0,0,0,0,0,0,0,0,0,0,0.0,0,0,0,0
127,0,0,0,0,0,408.66369120829717,408.66369120829717,1033.8432768406128,0,0,0,0,0,0,0,0,0,0,0.0,0,0,0,0
128,0,0,0,0,0,712.2725407984266,712.2725407984266,1032.5498789276435,0,0,0,0,0,0,0,0,0,0,0.0,0,0,0,0
129,0,0,0,0,0,688.7712217206747,688.7712217206747,1538.9849368476644,0,0,0,0,0,0,0,0,0,0,0.0,0,0,0,0
130,0,0,0,0,0,668.6529995261952,668.6529995261952,1587.0646649858948,0,0,0,0,0,0,0,0,0,0,0.0,0,0,0,0
131,0,0,0,0,0,545.6362869998638,545.6362869998638,1313.5440666849518,0,0,0,0,0,0,0,0,0,0,0.0,0,0,0,0
132,0,0,0,0,0,583.6349363349359,583.6349363349359,1387.3646497748018,0,0,0,0,0,0,0,0,0,0,0.0,0,0,0,0
133,0,0,0,0,0,395.9528584277319,395.9528584277319,1239.4210952645385,0,0,0,0,0,0,0,0,0,0,0.0,0,0,0,0
134,0,0,0,0,0,537.8970902463041,537.8970902463041,1283.5866802210287,0,0,0,0,0,0,0,0,0,0,0.0,0,0,0,0
135,0,0,0,0,0,593.6552256167649,593.6552256167649,1196.4577500307842,0,0,0,0,0,0,0,0,0,0,0.0,0,0,0,0
136,0,0,0,0,0,589.5092984788746,589.5092984788746,739.9682191003346,0,0,0,0,0,0,0,0,0,0,0.0,0,0,0,0
137,0,0,0,0,0,442.87013846554066,442.87013846554066,731.9198316077236,0,0,0,0,0,0,0,0,0,0,0.0,0,0,0,0
138,0,0,0,0,0,475.2101987136223,475.2101987136223,1143.6921458703575,0,0,0,0,0,0,0,0,0,0,0.0,0,0,0,0
139,0,0,0,0,0,604.5931068917381,604.5931068917381,1180.758376050016,0,0,0,0,0,0,0,0,0,0,0.0,0,0,0,0
140,0,0,0,0,0,632.8738542685943,632.8738542685943,1097.75281847435,0,0,0,0,0,0,0,0,0,0,0.0,0,0,0,0
141,0,0,0,0,0,438.8304018386028,438.8304018386028,1091.203225210541,0,0,0,0,0,0,0,0,0,0,0.0,0,0,0,0
142,0,0,0,0,0,486.39031643863217,486.39031643863217,1333.423296275355,0,0,0,0,0,0,0,0,0,0,0.0,0,0,0,0
143,0,0,0,0,0,572.1777723913989,572.1777723913989,1286.92786636467,0,0,0,0,0,0,0,0,0,0,0.0,0,0,0,0
144,0,0,0,0,0,545.8111087541611,545.8111087541611,1241.1340790884014,0,0,0,0,0,0,0,0,0,0,0.0,0,0,0,0
145,0,0,0,0,0,433.69067270695587,433.69067270695587,975.5417942171018,0,0,0,0,0,0,0,0,0,0,0.0,0,0,0,0
146,0,0,0,0,0,522.8270095373022,522.8270095373022,1077.3622607731402,0,0,0,0,0,0,0,0,0,0,0.0,0,0,0,0
147,0,0,0,0,0,524.1951123060728,524.1951123060728,862.3624411155504,0,0,0,0,0,0,0,0,0,0,0.0,0,0,0,0
148,0,0,0,0,0,495.3736150376449,495.3736150376449,782.1510604741768,0,0,0,0,0,0,0,0,0,0,0.0,0,0,0,0
149,0,0,0,0,0,546.391397990202,546.391397990202,791.6588361990318,0,0,0,0,0,0,0,0,0,0,0.0,0,0,0,0
150,0,0,0,0,0,350.0748604442936,350.0748604442936,764.5111132426046,0,0,0,0,0,0,0,0,0,0,0.0,0,0,0,0
151,0,0,0,0,0,462.76631881471445,462.76631881471445,1436.8908452017267,0,0,0,0,0,0,0,0,0,0,0.0,0,0,0,0
152,0,0,0,0,0,446.5210952016852,446.5210952016852,1448.4003457432364,0,0,0,0,0,0,0,0,0,0,0.0,0,0,0,0
153,0,0,0,0,0,501.7468991965572,501.7468991965572,1334.0277598676162,0,0,0,0,0,0,0,0,0,0,0.0,0,0,0,0
154,0,0,0,0,0,252.9915203723196,252.9915203723196,1195.0220381039985,0,0,0,0,0,0,0,0,0,0,0.0,0,0,0,0
155,0,0,0,0,0,382.81789903646893,382.81789903646893,1150.5835526458266,0,0,0,0,0,0,0,0,0,0,0.0,0,0,0,0
156,0,0,0,0,0,499.1353285582089,499.1353285582089,1080.7211387613663,0,0,0,0,0,0,0,0,0,0,0.0,0,0,0,0
157,0,0,0,0,0,391.08936498955813,391.08936498955813,1215.4538542829052,0,0,0,0,0,0,0,0,0,0,0.0,0,0,0,0
158,0,0,0,0,0,535.5658088380519,535.5658088380519,1140.4432262747318,0,0,0,0,0,0,0,0,0,0,0.0,0,0,0,0
159,0,0,0,0,0,511.2798844333859,511.2798844333859,793.6058925176369,0,0,0,0,0,0,0,0,0,0,0.0,0,0,0,0
160,0,0,0,0,0,462.2920478177725,462.2920478177725,728.1768670942097,0,0,0,0,0,0,0,0,0,0,0.0,0,0,0,0
161,0,0,0,0,1,803.1032076791415,1606.206415358283,552.2734734311376,0,0,0,0,0,0,0,0,0,0,0.0,0,0,0,0
162,0,0,0,0,0,637.8634492445875,637.8634492445875,1999.3053063426041,0,0,0,0,0,0,0,0,0,0,0.0,0,0,0,0
163,0,0,0,0,0,472.20971730640747,472.20971730640747,2393.5548617509635,0,0,0,0,0,0,0,0,0,0,0.0,0,0,0,0
164,0,0,0,0,0,613.262883520582,613.262883520582,2081.598803659698,0,0,0,0,0,0,0,0,0,0,0.0,0,0,0,0
165,0,0,0,0,0,593.2771036677955,593.2771036677955,1698.8397917678476,0,0,0,0,0,0,0,0,0,0,0.0,0,0,0,0
166,0,0,0,0,0,540.7232216331585,540.7232216331585,1581.2031723898303,0,0,0,0,0,0,0,0,0,0,0.0,0,0,0,0
167,0,0,0,0,0,430.41738296515337,430.41738296515337,1276.4288100225147,0,0,0,0,0,0,0,0,0,0,0.0,0,0,0,0
168,0,0,0,0,0,368.6054098895255,368.6054098895255,1288.0953329695808,0,0,0,0,0,0,0,0,0,0,0.0,0,0,0,0
169,0,0,0,0,1,621.4875074099234,1242.9750148198468,530.6614242030932,0,0,0,0,0,0,0,0,0,0,0.0,0,0,0,0
170,0,0,0,0,0,708.9785111947192,708.9785111947192,1965.8984749364304,0,0,0,0,0,0,0,0,0,0,0.0,0,0,0,0
171,0,0,0,0,0,418.18631219745544,418.18631219745544,2093.1965811295777,0,0,0,0,0,0,0,0,0,0,0.0,0,0,0,0
172,0,0,0,0,0,368.37467307198744,368.37467307198744,1781.37976876136,0,0,0,0,0,0,0,0,0,0,0.0,0,0,0,0
173,0,0,0,0,0,285.74465398059226,285.74465398059226,1461.0567805851078,0,0,0,0,0,0,0,0,0,0,0.0,0,0,0,0
174,0,0,0,0,0,372.38846016220646,372.38846016220646,1200.901995968476,0,0,0,0,0,0,0,0,0,0,0.0,0,0,0,0
175,0,0,0,0,0,413.652546397928,413.652546397928,1098.422325814257,0,0,0,0,0,0,0,0,0,0,0.0,0,0,0,0
176,0,0,0,0,0,650.8225571962063,650.8225571962063,1078.3525856222743,0,0,0,0,0,0,0,0,0,0,0.0,0,0,0,0
177,0,0,0,0,0,487.68600313564207,487.68600313564207,1656.6222350148469,0,0,0,0,0,0,0,0,0,0,0.0,0,0,0,0
178,0,0,0,0,0,579.2619905406715,579.2619905406715,1567.0087108755897,0,0,0,0,0,0,0,0,0,0,0.0,0,0,0,0
179,0,0,0,0,0,561.8973558192876,561.8973558192876,1428.8296017897933,0,0,0,0,0,0,0,0,0,0,0.0,0,0,0,0
180,0,0,0,0,0,389.132700144496,389.132700144496,1157.5835812910277,0,0,0,0,0,0,0,0,0,0,0.0,0,0,0,0
181,0,0,0,0,0,507.1556474475521,507.1556474475521,1326.332312278835,0,0,0,0,0,0,0,0,0,0,0.0,0,0,0,0
182,0,0,0,0,0,402.1571039236652,402.1571039236652,1468.2862963751893,0,0,0,0,0,0,0,0,0,0,0.0,0,0,0,0
183,0,0,0,0,0,451.10399118991353,451.10399118991353,1284.5298599902571,0,0,0,0,0,0,0,0,0,0,0.0,0,0,0,0
184,0,0,0,0,0,514.1001645031779,514.1001645031779,1136.3879891086194,0,0,0,0,0,0,0,0,0,0,0.0,0,0,0,0
185,0,0,0,0,0,636.0971474758749,636.0971474758749,1216.2142495204803,0,0,0,0,0,0,0,0,0,0,0.0,0,0,0,0
186,0,0,0,0,0,328.86997068583116,328.86997068583116,1270.0953598050228,0,0,0,0,0,0,0,0,0,0,0.0,0,0,0,0
187,0,0,0,0,0,487.3743494954577,487.3743494954577,1243.9265951880636,0,0,0,0,0,0,0,0,0,0,0.0,0,0,0,0
188,0,0,0,0,0,575.679351946193,575.679351946193,1203.0617487930083,0,0,0,0,0,0,0,0,0,0,0.0,0,0,0,0
189,0,0,0,0,0,519.732041855342,519.732041855342,1152.5935402580456,0,0,0,0,0,0,0,0,0,0,0.0,0,0,0,0
190,0,0,0,0,0,531.8103142007005,531.8103142007005,811.2082767642727,0,0,0,0,0,0,0,0,0,0,0.0,0,0,0,0
191,0,0,0,0,0,416.80640717809047,416.80640717809047,797.9645708562371,0,0,0,0,0,0,0,0,0,0,0.0,0,0,0,0
192,0,0,0,0,0,422.2897348163312,422.2897348163312,945.6037683223924,0,0,0,0,0,0,0,0,0,0,0.0,0,0,0,0
193,0,0,0,0,0,635.7325849744157,635.7325849744157,932.0571670928105,0,0,0,0,0,0,0,0,0,0,0.0,0,0,0,0
194,0,0,0,0,0,634.730264203819,634.730264203819,959.1688864331803,0,0,0,0,0,0,0,0,0,0,0.0,0,0,0,0
195,0,0,0,0,0,555.43394746484,555.43394746484,1109.1359974551444,0,0,0,0,0,0,0,0,0,0,0.0,0,0,0,0
196,0,0,0,0,0,410.21189026625274,410.21189026625274,1003.8869781195234,0,0,0,0,0,0,0,0,0,0,0.0,0,0,0,0
197,0,0,0,0,0,546.3240572548184,546.3240572548184,1424.3644371343853,0,0,0,0,0,0,0,0,0,0,0.0,0,0,0,0
198,0,0,0,0,0,394.2735941470136,394.2735941470136,1162.9967523609982,0,0,0,0,0,0,0,0,0,0,0.0,0,0,0,0
199,0,0,0,0,0,553.7612082931701,553.7612082931701,1391.1046277538176,0,0,0,0,0,0,0,0,0,0,0.0,0,0,0,0
200,0,0,0,0,0,519.7579884913249,519.7579884913249,726.24490131582,0,0,0,0,0,0,0,0,0,0,0.0,0,0,0,0
201,0,0,0,0,0,625.6061779364226,625.6061779364226,733.24419804843,0,0,0,0,0,0,0,0,0,0,0.0,0,0,0,0
202,0,0,0,0,0,483.5802174774139,483.5802174774139,1012.6531890813401,0,0,0,0,0,0,0,0,0,0,0.0,0,0,0,0
203,0,0,0,0,0,423.09305991447457,423.09305991447457,992.6755083942951,0,0,0,0,0,0,0,0,0,0,0.0,0,0,0,0
204,0,0,0,0,0,594.5803410678701,594.5803410678701,1152.7217687396756,0,0,0,0,0,0,0,0,0,0,0.0,0,0,0,0
205,0,0,0,0,0,332.91918084370275,332.91918084370275,1233.661165928083,0,0,0,0,0,0,0,0,0,0,0.0,0,0,0,0
206,0,0,0,0,0,545.9850905766732,545.9850905766732,1463.5042647644884,0,0,0,0,0,0,0,0,0,0,0.0,0,0,0,0
207,0,0,0,0,0,508.80055419461166,508.80055419461166,1428.2913383193418,0,0,0,0,0,0,0,0,0,0,0.0,0,0,0,0
208,0,0,0,0,0,501.7131498028542,501.7131498028542,1218.0573575527787,0,0,0,0,0,0,0,0,0,0,0.0,0,0,0,0
209,0,0,0,0,0,701.8852122052704,701.8852122052704,857.8747180476737,0,0,0,0,0,0,0,0,0,0,0.0,0,0,0,0
210,0,0,0,0,0,537.125257570134,537.125257570134,1478.893998435979,0,0,0,0,0,0,0,0,0,0,0.0,0,0,0,0
211,0,0,0,0,0,403.8692189649146,403.8692189649146,1507.9257243900097,0,0,0,0,0,0,0,0,0,0,0.0,0,0,0,0
212,0,0,0,0,0,656.7608441469982,656.7608441469982,1447.8050996239417,0,0,0,0,0,0,0,0,0,0,0.0,0,0,0,0
213,0,0,0,0,0,662.2134803970944,662.2134803970944,1335.3746657502793,0,0,0,0,0,0,0,0,0,0,0.0,0,0,0,0
214,0,0,0,0,0,584.1035417229967,584.1035417229967,1458.2152103874919,0,0,0,0,0,0,0,0,0,0,0.0,0,0,0,0
215,0,0,0,0,0,432.6855823825718,432.6855823825718,1372.548239692741,0,0,0,0,0,0,0,0,0,0,0.0,0,0,0,0
216,0,0,0,0,0,582.8589873108956,582.8589873108956,1289.5721453495498,0,0,0,0,0,0,0,0,0,0,0.0,0,0,0,0
217,0,0,0,0,0,567.3897082936518,567.3897082936518,1317.2898199051715,0,0,0,0,0,0,0,0,0,0,0.0,0,0,0,0
218,0,0,0,0,0,482.59049191716866,482.59049191716866,1245.3733291242556,0,0,0,0,0,0,0,0,0,0,0.0,0,0,0,0
219,0,0,0,0,0,557.9955242990956,557.9955242990956,1104.3872813638473,0,0,0,0,0,0,0,0,0,0,0.0,0,0,0,0
220,0,0,0,0,0,488.2597341133246,488.2597341133246,988.4834918603407,0,0,0,0,0,0,0,0,0,0,0.0,0,0,0,0
221,0,0,0,0,0,446.3348818786624,446.3348818786624,876.4359185733625,0,0,0,0,0,0,0,0,0,0,0.0,0,0,0,0
222,0,0,0,0,0,503.428692810935,503.428692810935,928.8516598329871,0,0,0,0,0,0,0,0,0,0,0.0,0,0,0,0
223,0,0,0,0,0,358.5364300969028,358.5364300969028,810.2416718397467,0,0,0,0,0,0,0,0,0,0,0.0,0,0,0,0
224,0,0,0,0,0,312.7755662379021,312.7755662379021,1418.6200236070863,0,0,0,0,0,0,0,0,0,0,0.0,0,0,0,0
225,0,0,0,0,0,429.251992332847,429.251992332847,1147.1467551687388,0,0,0,0,0,0,0,0,0,0,0.0,0,0,0,0
226,0,0,0,0,0,409.7597763911387,409.7597763911387,1146.236639756723,0,0,0,0,0,0,0,0,0,0,0.0,0,0,0,0
227,0,0,0,0,0,516.9553978819682,516.9553978819682,812.3114374201102,0,0,0,0,0,0,0,0,0,0,0.0,0,0,0,0
228,0,0,0,0,0,491.12857055723566,491.12857055723566,1109.885665276891,0,0,0,0,0,0,0,0,0,0,0.0,0,0,0,0
229,0,0,0,0,0,595.113056509908,595.113056509908,956.8768897039458,0,0,0,0,0,0,0,0,0,0,0.0,0,0,0,0
230,0,0,0,0,0,499.0082797454098,499.0082797454098,1318.3317055497087,0,0,0,0,0,0,0,0,0,0,0.0,0,0,0,0
231,0,0,0,0,0,568.5952424370862,568.5952424370862,1245.9252670666947,0,0,0,0,0,0,0,0,0,0,0.0,0,0,0,0
232,0,0,0,0,0,376.3776392191508,376.3776392191508,1236.647346337128,0,0,0,0,0,0,0,0,0,0,0.0,0,0,0,0
233,0,0,0,0,0,528.3770626935491,528.3770626935491,1250.252101003256,0,0,0,0,0,0,0,0,0,0,0.0,0,0,0,0
234,0,0,0,0,0,330.69187791793956,330.69187791793956,1115.1830496693974,0,0,0,0,0,0,0,0,0,0,0.0,0,0,0,0
235,0,0,0,0,0,547.3708933657981,547.3708933657981,1232.3899371004613,0,0,0,0,0,0,0,0,0,0,0.0,0,0,0,0
236,0,0,0,0,0,413.6861898238899,413.6861898238899,1156.6827712493282,0,0,0,0,0,0,0,0,0,0,0.0,0,0,0,0
237,0,0,0,0,0,469.23027499857636,469.23027499857636,1232.217046858195,0,0,0,0,0,0,0,0,0,0,0.0,0,0,0,0
238,0,0,0,0,0,583.5149588441537,583.5149588441537,1175.4268982037256,0,0,0,0,0,0,0,0,0,0,0.0,0,0,0,0
239,0,0,0,0,0,629.1899043551764,629.1899043551764,1188.154922812738,0,0,0,0,0,0,0,0,0,0,0.0,0,0,0,0
240,0,0,0,0,0,619.3941831105714,619.3941831105714,1199.251999423676,0,0,0,0,0,0,0,0,0,0,0.0,0,0,0,0
241,0,0,0,0,0,392.11051177525894,392.11051177525894,1192.937946698105,0,0,0,0,0,0,0,0,0,0,0.0,0,0,0,0
242,0,0,0,0,0,610.6259428402848,610.6259428402848,1496.6266149235216,0,0,0,0,0,0,0,0,0,0,0.0,0,0,0,0
243,0,0,0,0,0,491.57295292334095,491.57295292334095,1465.6992052209594,0,0,0,0,0,0,0,0,0,0,0.0,0,0,0,0
244,0,0,0,0,0,503.6988553283673,503.6988553283673,1398.1693084225008,0,0,0,0,0,0,0,0,0,0,0.0,0,0,0,0
245,0,0,0,0,0,679.8404824725169,679.8404824725169,1325.2748481491903,0,0,0,0,0,0,0,0,0,0,0.0,0,0,0,0
246,0,0,0,0,0,429.6051131095873,429.6051131095873,1378.519726839472,0,0,0,0,0,0,0,0,0,0,0.0,0,0,0,0
247,0,0,0,0,0,479.9636066350629,479.9636066350629,1211.6262484539259,0,0,0,0,0,0,0,0,0,0,0.0,0,0,0,0
248,0,0,0,0,0,738.8211037126712,738.8211037126712,1248.708756036911,0,0,0,0,0,0,0,0,0,0,0.0,0,0,0,0
249,0,0,0,0,0,572.7412024727117,572.7412024727117,1365.9963946722862,0,0,0,0,0,0,0,0,0,0,0.0,0,0,0,0
250,0,0,0,0,0,549.4876413203049,549.4876413203049,1207.0527915695075,0,0,0,0,0,0,0,0,0,0,0.0,0,0,0,0
251,0,0,0,0,0,405.50401333068527,405.50401333068527,1233.9720606198064,0,0,0,0,0,0,0,0,0,0,0.0,0,0,0,0
252,0,0,0,0,0,498.25220199770627,498.25220199770627,1581.2699405433113,0,0,0,0,0,0,0,0,0,0,0.0,0,0,0,0
253,0,0,0,0,0,665.522638213303,665.522638213303,1481.6034796445197,0,0,0,0,0,0,0,0,0,0,0.0,0,0,0,0
254,0,0,0,0,0,359.1847451147481,359.1847451147481,1502.4750796767103,0,0,0,0,0,0,0,0,0,0,0.0,0,0,0,0
255,0,0,0,0,0,523.4037430080201,523.4037430080201,1493.742530704903,0,0,0,0,0,0,0,0,0,0,0.0,0,0,0,0
256,0,0,0,0,0,251.61215194833827,251.61215194833827,1403.2436516961016,0,0,0,0,0,0,0,0,0,0,0.0,0,0,0,0
257,0,0,0,0,0,425.3738542317986,425.3738542317986,1385.0852602478394,0,0,0,0,0,0,0,0,0,0,0.0,0,0,0,0
258,0,0,0,0,0,374.07013926975793,374.07013926975793,1278.415883353207,0,0,0,0,0,0,0,0,0,0,0.0,0,0,0,0
259,0,0,0,0,0,595.3285271532911,595.3285271532911,1107.4902191337987,0,0,0,0,0,0,0,0,0,0,0.0,0,0,0,0
260,0,0,0,0,0,357.15302920938416,357.15302920938416,1287.3904011615587,0,0,0,0,0,0,0,0,0,0,0.0,0,0,0,0
261,0,0,0,0,0,574.5524330571693,574.5524330571693,1486.506870352061,0,0,0,0,0,0,0,0,0,0,0.0,0,0,0,0
262,0,0,0,0,0,446.76656018879794,446.76656018879794,1470.9729573541686,0,0,0,0,0,0,0,0,0,0,0.0,0,0,0,0
263,0,0,0,0,0,385.99741592472895,385.99741592472895,1432.9138223280222,0,0,0,0,0,0,0,0,0,0,0.0,0,0,0,0
264,0,0,0,0,0,541.0172439584344,541.0172439584344,1412.526723342603,0,0,0,0,0,0,0,0,0,0,0.0,0,0,0,0
265,0,0,0,0,0,501.81789629755514,501.81789629755514,1348.2701755872367,0,0,0,0,0,0,0,0,0,0,0.0,0,0,0,0
266,0,0,0,0,0,555.3078796741966,555.3078796741966,1270.145411702858,0,0,0,0,0,0,0,0,0,0,0.0,0,0,0,0
267,0,0,0,0,0,510.4954275647361,510.4954275647361,837.7320219619323,0,0,0,0,0,0,0,0,0,0,0.0,0,0,0,0
268,0,0,0,0,0,522.9168738559083,522.9168738559083,626.295757728012,0,0,0,0,0,0,0,0,0,0,0.0,0,0,0,0
269,0,0,0,0,0,335.4403540615001,335.4403540615001,557.2076872987067,0,0,0,0,0,0,0,0,0,0,0.0,0,0,0,0
270,0,0,0,0,0,441.4909175087441,441.4909175087441,1554.4632096580578,0,0,0,0,0,0,0,0,0,0,0.0,0,0,0,0
271,0,0,0,0,0,474.18391694633243,474.18391694633243,1600.263574003116,0,0,0,0,0,0,0,0,0,0,0.0,0,0,0,0
272,0,0,0,0,0,388.8465348385341,388.8465348385341,1494.6080550978768,0,0,0,0,0,0,0,0,0,0,0.0,0,0,0,0
273,0,0,0,0,0,371.5227293085199,371.5227293085199,1384.0319030719427,0,0,0,0,0,0,0,0,0,0,0.0,0,0,0,0
274,0,0,0,0,0,539.5265426908624,539.5265426908624,1271.2001860454466,0,0,0,0,0,0,0,0,0,0,0.0,0,0,0,0
275,0,0,0,0,0,609.0478178146968,609.0478178146968,1255.7526641793038,0,0,0,0,0,0,0,0,0,0,0.0,0,0,0,0
276,0,0,0,0,0,611.5067447926762,611.5067447926762,1245.9412141013354,0,0,0,0,0,0,0,0,0,0,0.0,0,0,0,0
277,0,0,0,0,0,449.7567249446837,449.7567249446837,1233.6476025243328,0,0,0,0,0,0,0,0,0,0,0.0,0,0,0,0
278,0,0,0,0,0,586.9454782642955,586.9454782642955,1225.6836772384454,0,0,0,0,0,0,0,0,0,0,0.0,0,0,0,0
279,0,0,0,0,0,562.6031326712457,562.6031326712457,1199.1694055154617,0,0,0,0,0,0,0,0,0,0,0.0,0,0,0,0
280,0,0,0,0,0,565.5271698401907,565.5271698401907,1142.76156871972,0,0,0,0,0,0,0,0,0,0,0.0,0,0,0,0
281,0,0,0,0,0,404.84634239923093,404.84634239923093,1026.3015095401136,0,0,0,0,0,0,0,0,0,0,0.0,0,0,0,0
282,0,0,0,0,0,544.7328830177327,544.7328830177327,1436.8080104520861,0,0,0,0,0,0,0,0,0,0,0.0,0,0,0,0
283,0,0,0,0,0,429.5045470256988,429.5045470256988,1366.9913944091209,0,0,0,0,0,0,0,0,0,0,0.0,0,0,0,0
284,0,0,0,0,0,294.9993437783555,294.9993437783555,1353.6963517203144,0,0,0,0,0,0,0,0,0,0,0.0,0,0,0,0
285,0,0,0,0,0,501.93215663310536,501.93215663310536,1417.0786751087876,0,0,0,0,0,0,0,0,0,0,0.0,0,0,0,0
286,0,0,0,0,0,379.0823580589569,379.0823580589569,1328.0654206429563,0,0,0,0,0,0,0,0,0,0,0.0,0,0,0,0
287,0,0,0,0,0,534.4898148704208,534.4898148704208,1301.507123519986,0,0,0,0,0,0,0,0,0,0,0.0,0,0,0,0
288,0,0,0,0,0,433.3675601545517,433.3675601545517,1265.969271768147,0,0,0,0,0,0,0,0,0,0,0.0,0,0,0,0
289,0,0,0,0,0,477.066703779976,477.066703779976,1137.199228623219,0,0,0,0,0,0,0,0,0,0,0.0,0,0,0,0
290,0,0,0,0,0,498.74924266257074,498.74924266257074,1099.5935054737292,0,0,0,0,0,0,0,0,0,0,0.0,0,0,0,0
291,0,0,0,0,0,529.4674039625063,529.4674039625063,1043.5401267458521,0,0,0,0,0,0,0,0,0,0,0.0,0,0,0,0
292,0,0,0,0,0,543.485171807339,543.485171807339,972.4812335213994,0,0,0,0,0,0,0,0,0,0,0.0,0,0,0,0
293,0,0,0,0,0,350.6031710604848,350.6031710604848,761.7274757783831,0,0,0,0,0,0,0,0,0,0,0.0,0,0,0,0
294,0,0,0,0,0,459.64471098280126,459.64471098280126,1193.170237735984,0,0,0,0,0,0,0,0,0,0,0.0,0,0,0,0
295,0,0,0,0,0,457.13335142983357,457.13335142983357,1214.6273493522026,0,0,0,0,0,0,0,0,0,0,0.0,0,0,0,0
296,0,0,0,0,0,654.3406247661287,654.3406247661287,1055.131408215952,0,0,0,0,0,0,0,0,0,0,0.0,0,0,0,0
297,0,0,0,0,0,393.70987011396903,393.70987011396903,1450.1120634116098,0,0,0,0,0,0,0,0,0,0,0.0,0,0,0,0
298,0,0,0,0,0,584.254786040862,584.254786040862,1390.2365837140453,0,0,0,0,0,0,0,0,0,0,0.0,0,0,0,0
299,0,0,0,0,0,558.1195287355023,558.1195287355023,1405.3797392391618,0,0,0,0,0,0,0,0,0,0,0.0,0,0,0,0
300,0,0,0,0,0,454.40187481180084,454.40187481180084,1354.862303244747,0,0,0,0,0,0,0,0,0,0,0.0,0,0,0,0
