start_height,avg_rcpt,avg_rcpt_var,avg_bct,std_bct,label,alpha,beta,K,utility_value,TO,PDT,TO-PDT,Differ,Differ_Normal,compute_utility_overhead (s),defense_overhead(s),training_overhead (s),feature_extraction_overhead (s),inference_overhead (s),episode_duration (s)
31,447.33691211850777,96.73116085513863,403.0948384869337,1000,0,0.1,0.1,4,0.15394771960976714,807.0720303412161,559.7507425289223,247.3212878122938,247.3212878122938,0.4122021463538239,8.440017700195312e-05,2.384185791015625e-07,0.06217622756958008,7.43865966796875e-05,0.0033118724822998047,0
32,442.9127047553504,91.03983139646644,559.7507425289223,1000,0,0.4,0.1,6.0,0.2653268862349453,1023.3247030041839,592.7821188956317,430.5425841085522,430.5425841085522,0.7175709735142535,8.368492126464844e-05,2.384185791015625e-07,0.06171154975891113,7.414817810058594e-05,0.0032935142517089844,0
33,489.6479198647791,88.94613052323412,592.7821188956317,1000,0,0.2,0.3,8.0,0.5969107226794478,1206.3907527402976,456.1335290670491,750.2572236732485,750.2572236732485,1.2504287061220811,8.20159912109375e-05,2.384185791015625e-07,0.06202244758605957,7.462501525878906e-05,0.0033731460571289062,0
34,510.27475967094966,87.0144991336685,456.1335290670491,1000,0,0.7,0.7,8.0,0.18806911613520813,772.1679635835765,458.9024731347799,313.2654904487966,313.2654904487966,0.5221091507479949,8.058547973632812e-05,2.384185791015625e-07,0.062302350997924805,7.343292236328125e-05,0.0033965110778808594,0
35,472.37589824821924,37.47400816691965,458.9024731347799,1000,0,0.1,0.2,5.0,0.006840487465189115,633.0506710066494,1343.3791490239928,-710.3284780173434,-710.3284780173434,-1.183880796695573,8.416175842285156e-05,7.152557373046875e-07,0.062496185302734375,7.462501525878906e-05,0.0033864974975585938,0
36,471.0285557368753,32.40442305395481,671.6895745119964,1000,0,0.1,0.8,8.0,0.9982223224169787,1698.7492026454127,473.4366879920704,1225.3125146533423,1225.3125146533423,2.0421875244222365,8.249282836914062e-05,4.76837158203125e-07,0.0625922679901123,7.343292236328125e-05,0.003470182418823242,0
37,491.0946576143874,150.95681812887815,473.4366879920704,1000,0,0.1,0.8,8.0,0.12876608914222087,832.5696746829067,643.0648020709958,189.50487261191086,189.50487261191086,0.3158414543531851,9.393692016601562e-05,7.152557373046875e-07,0.06264710426330566,7.43865966796875e-05,0.00347137451171875,0
38,489.3288606521557,42.905101753843866,643.0648020709958,1000,0,0.5,0.3,4.0,0.09206911473449984,778.5726811236427,695.7125601351804,82.86012098846231,82.86012098846231,0.13810020164743797,8.273124694824219e-05,4.76837158203125e-07,0.06303215026855469,7.605552673339844e-05,0.003511667251586914,0
39,566.1968313615757,53.093962440516734,695.7125601351804,1000,0,0.2,0.9,8.0,0.581991661880409,1380.5857448046727,642.179574539881,738.4061702647917,738.4061702647917,1.2306769504413193,8.416175842285156e-05,2.384185791015625e-07,0.06311702728271484,7.581710815429688e-05,0.003664255142211914,0
40,592.0999771162967,98.560720961047,642.179574539881,1000,0,0.1,0.7,3.0,0.08334516088876413,780.4630248541716,728.8690967428666,51.59392811130499,51.59392811130499,0.08598988018550813,8.153915405273438e-05,7.152557373046875e-07,0.06300020217895508,7.557868957519531e-05,0.0037200450897216797,0
41,597.1079368586552,61.11836266517213,728.8690967428666,1000,0,0.2,0.9,8.0,0.8742608528111055,1431.2991399006924,453.7145542388663,977.584585661826,977.584585661826,1.6293076427697102,8.845329284667969e-05,4.76837158203125e-07,0.06334352493286133,7.534027099609375e-05,0.003435850143432617,0
42,623.4601688354976,100.97987138314936,453.7145542388663,1000,0,0.2,0.2,7.0,0.8061160955791148,1345.1134140100348,428.69189461439544,916.4215193956394,916.4215193956394,1.5273691989927318,8.273124694824219e-05,4.76837158203125e-07,0.063140869140625,7.677078247070312e-05,0.0034656524658203125,0
43,589.5110459161714,107.9431954419805,428.69189461439544,1000,0,0.4,0.1,7.0,0.8782328060791892,1272.7695602266842,291.3192326963939,981.4503275302903,981.4503275302903,1.635750545883817,9.72747802734375e-05,2.384185791015625e-07,0.06360554695129395,7.534027099609375e-05,0.0035157203674316406,0
44,525.1833853954611,106.79802497588902,291.3192326963939,1000,0,0.3,0.9,7.0,0.9887223918672253,1561.1236704717492,425.0824820342585,1136.0411884374907,1136.0411884374907,1.8934019807291511,9.608268737792969e-05,4.76837158203125e-07,0.06420373916625977,7.43865966796875e-05,0.003567934036254883,0
45,455.0241395857409,158.0142186980012,425.0824820342585,1000,0,0.1,0.9,7.0,0.09106672154899495,732.4091252360988,652.9946761652664,79.41444907083246,79.41444907083246,0.13235741511805443,8.392333984375e-05,4.76837158203125e-07,0.06416153907775879,7.462501525878906e-05,0.0034813880920410156,0
46,452.02997383059267,40.05416448650089,652.9946761652664,1000,0,0.5,0.6,8.0,0.49113764431075835,1163.0009369579493,499.3790646875272,663.621872270422,663.621872270422,1.1060364537840375,9.608268737792969e-05,2.384185791015625e-07,0.0638728141784668,7.677078247070312e-05,0.0039768218994140625,0
47,552.5123249979295,76.3110764950025,499.3790646875272,1000,0,0.4,0.9,7.0,0.23829440295493917,785.520498393591,392.242168924447,393.27832946914396,393.27832946914396,0.6554638824485739,8.654594421386719e-05,4.76837158203125e-07,0.06412291526794434,7.462501525878906e-05,0.0036346912384033203,0
48,531.2590208737686,36.32306821711748,392.242168924447,1000,0,0.4,0.2,7.0,0.0836568990890045,795.8356177473279,743.0717756353254,52.76384211200252,52.76384211200252,0.08793973685333789,8.344650268554688e-05,4.76837158203125e-07,0.06456470489501953,9.560585021972656e-05,0.0035660266876220703,0
49,475.65228009403995,45.74047680761257,743.0717756353254,1000,0,0.2,0.9,6.0,0.9901088409643656,1711.8326860252173,451.9621826641621,1259.8705033610552,1259.8705033610552,2.099784172268425,8.630752563476562e-05,2.384185791015625e-07,0.06464290618896484,7.605552673339844e-05,0.003632783889770508,0
50,529.1361792022971,197.11608447048673,451.9621826641621,1000,0,0.4,0.1,8.0,0.849411337598371,1954.5459071128523,508.839198669172,1445.7067084436803,1445.7067084436803,2.409511180739468,8.249282836914062e-05,2.384185791015625e-07,0.06524848937988281,7.486343383789062e-05,0.0035910606384277344,0
51,498.2665805870431,182.03491581572615,508.839198669172,1000,0,0.3,0.9,8.0,0.12239771332855934,700.3522937981924,527.1197775614702,173.23251623672218,173.23251623672218,0.2887208603945366,8.463859558105469e-05,7.152557373046875e-07,0.06453776359558105,7.43865966796875e-05,0.003618478775024414,0
52,501.43836601168175,24.864240973313827,527.1197775614702,1000,0,0.2,0.9,7.0,0.09487330992472869,653.413931213893,561.1003272533192,92.3136039605738,92.3136039605738,0.15385600660095644,8.368492126464844e-05,4.76837158203125e-07,0.06542325019836426,7.677078247070312e-05,0.0036401748657226562,0
53,506.5746483216394,20.97704041317908,561.1003272533192,1000,0,0.2,0.1,7.0,0.13636087888640877,680.1695189127443,472.2057790835999,207.96373982914434,207.96373982914434,0.34660623304857374,8.630752563476562e-05,4.76837158203125e-07,0.06526732444763184,7.557868957519531e-05,0.0036063194274902344,0
54,517.4797841079754,23.241390686395544,472.2057790835999,1000,0,0.1,0.1,8.0,0.12094892598005477,712.8876801651362,543.4667639222083,169.4209162429279,169.4209162429279,0.282368193738213,8.344650268554688e-05,2.384185791015625e-07,0.06575417518615723,7.510185241699219e-05,0.003660440444946289,0
55,512.9523836055379,24.991912069949787,543.4667639222083,1000,0,0.2,0.9,6.0,0.08006283341704025,665.8725298788582,626.8569758222523,39.01555405660599,39.01555405660599,0.06502592342767777,8.249282836914062e-05,4.76837158203125e-07,0.06588244438171387,7.557868957519531e-05,0.003845691680908203,0
56,519.0552596688719,24.46954503499772,626.8569758222523,1000,0,0.1,0.8,8.0,0.5360795085876857,1189.9245883836768,488.6415304569377,701.283057926739,701.283057926739,1.168805096544565,9.703636169433594e-05,4.76837158203125e-07,0.06563115119934082,7.534027099609375e-05,0.0037031173706054688,0
57,529.83543128421,82.51114463743335,488.6415304569377,1000,0,0.1,0.8,8.0,0.20504476658965684,895.0107413864646,552.823476776144,342.18726461032054,342.18726461032054,0.5703121076838684,9.632110595703125e-05,2.384185791015625e-07,0.06619715690612793,7.486343383789062e-05,0.0037069320678710938,0
58,525.7160412014828,46.16183752312273,552.823476776144,1000,0,0.4,0.1,8.0,0.371121806133716,881.9358146736683,329.6435765938735,552.2922380797949,552.2922380797949,0.9204870634663251,0.00011515617370605469,1.430511474609375e-06,0.06629109382629395,7.62939453125e-05,0.0034818649291992188,0
59,536.5590154313472,43.17209990529013,329.6435765938735,1000,0,0.3,0.9,8.0,0.7012857840162997,1551.8758754452047,719.9428465290828,831.9330289161219,831.9330289161219,1.3865550481935358,8.463859558105469e-05,4.76837158203125e-07,0.06664490699768066,7.605552673339844e-05,0.003488302230834961,0
60,474.4843837801051,134.67393645813746,719.9428465290828,1000,0,0.1,0.5,8.0,0.7742296696274297,1921.3764417838725,411.35341668118497,1510.0230251026874,1510.0230251026874,2.516705041837813,9.655952453613281e-05,4.76837158203125e-07,0.06607389450073242,7.677078247070312e-05,0.0039005279541015625,0
61,499.03023005500285,177.7932764661087,411.35341668118497,1000,0,0.9,0.1,8.0,0.9424127496114891,1707.246833644455,360.39927796368937,1346.8475556807655,1346.8475556807655,2.244745926134609,8.487701416015625e-05,2.384185791015625e-07,0.06696653366088867,7.557868957519531e-05,0.0036246776580810547,0
62,420.1210980185667,160.89071695323602,360.39927796368937,1000,0,0.8,0.2,8.0,0.891566948215161,1421.155212892936,426.3754030447522,994.779809848184,994.779809848184,1.6579663497469728,8.344650268554688e-05,2.384185791015625e-07,0.06678032875061035,7.987022399902344e-05,0.003596067428588867,0
63,372.3436419746648,131.10144636478392,426.3754030447522,1000,0,0.5,0.1,7.0,0.702868570360092,1244.209750982378,411.0376197837153,833.1721311986627,833.1721311986627,1.388620218664438,8.487701416015625e-05,7.152557373046875e-07,0.0668797492980957,7.581710815429688e-05,0.003662586212158203,0
64,399.35952250970854,120.6928897818099,411.0376197837153,1000,0,0.7,0.3,8.0,0.5035259547243924,1091.8226034169334,417.6601151869346,674.1624882299988,674.1624882299988,1.1236041470499982,8.392333984375e-05,4.76837158203125e-07,0.06771588325500488,7.486343383789062e-05,0.003771543502807617,0
65,407.5341906015133,85.53605160192753,417.6601151869346,1000,0,0.9,0.1,7.0,0.37192339981778927,956.2334625415153,403.12474435124375,553.1087181902716,553.1087181902716,0.9218478636504521,8.296966552734375e-05,4.76837158203125e-07,0.06728553771972656,7.343292236328125e-05,0.003632783889770508,0
66,416.64752272839246,77.08370568758899,403.12474435124375,1000,0,0.8,0.9,7.0,0.002208848713423127,476.8265947631935,1526.9684540134526,-1050.1418592502591,-1050.1418592502591,-1.7502364320837653,8.320808410644531e-05,2.384185791015625e-07,0.0673379898071289,7.295608520507812e-05,0.003499746322631836,0
67,405.82930002667354,10.142470676645706,763.4842270067263,1000,0,0.1,0.3,8.0,0.6167566879748231,1270.9272707908087,505.02131805844874,765.90595273236,765.90595273236,1.2765099212206001,9.608268737792969e-05,2.384185791015625e-07,0.06724214553833008,7.486343383789062e-05,0.003682374954223633,0
68,441.5947927246788,103.66655975826623,505.02131805844874,1000,0,0.5,0.5,8.0,0.3489809537137012,1014.8273450921685,485.60221816289396,529.2251269292744,529.2251269292744,0.8820418782154587,8.344650268554688e-05,4.76837158203125e-07,0.06754255294799805,7.367134094238281e-05,0.0036835670471191406,0
69,473.3080553915638,67.68991121257558,485.60221816289396,1000,0,0.4,0.1,8.0,0.3889682221231123,971.4942793608785,401.30736872684867,570.1869106340298,570.1869106340298,0.9503115177233834,8.368492126464844e-05,4.76837158203125e-07,0.06786608695983887,7.271766662597656e-05,0.0036640167236328125,0
70,478.22572050009586,61.65856985759783,401.30736872684867,1000,0,0.8,0.3,8.0,0.15150663150458046,798.8998391352046,556.7879221752067,242.11191695999787,242.11191695999787,0.40351986159999687,9.965896606445312e-05,1.430511474609375e-06,0.06788897514343262,7.319450378417969e-05,0.0037658214569091797,0
71,416.6910390814981,47.776100006713314,556.7879221752067,1000,0,0.9,0.5,8.0,0.148460021638562,789.9213871301725,554.4193746778024,235.5020124523702,235.5020124523702,0.39250335408728354,8.440017700195312e-05,4.76837158203125e-07,0.06828570365905762,7.462501525878906e-05,0.003676891326904297,0
72,542.7782338658359,30.892894158042086,554.4193746778024,1000,0,0.9,0.9,8.0,0.11881432804952177,586.3511973076553,422.6243790957759,163.7268182118794,163.7268182118794,0.27287803035313285,8.487701416015625e-05,4.76837158203125e-07,0.06893229484558105,7.486343383789062e-05,0.003895282745361328,0
73,553.2552605966057,4.1369920888812,422.6243790957759,1000,0,0.9,0.1,8.0,0.011256146773864942,475.92428080586996,1036.1692711971148,-560.2449903912448,-560.2449903912448,-0.9337416506520748,8.416175842285156e-05,2.384185791015625e-07,0.06876444816589355,7.414817810058594e-05,0.003800630569458008,0
74,435.6874672458589,5.0296016950013795,518.0846355985574,1000,0,0.5,0.8,8.0,0.14270274094679491,748.6043528628455,525.9389364811225,222.66541638172305,222.66541638172305,0.37110902730287165,8.153915405273438e-05,2.384185791015625e-07,0.06792068481445312,7.271766662597656e-05,0.0036809444427490234,0
75,476.88605142220814,33.964787680079674,525.9389364811225,1000,0,0.3,0.9,8.0,0.115388970785856,766.0002877808749,611.6132761906483,154.38701159022662,154.38701159022662,0.25731168598371124,8.440017700195312e-05,2.384185791015625e-07,0.0693504810333252,7.510185241699219e-05,0.0037102699279785156,0
76,491.60191693988236,34.29979635512408,611.6132761906483,1000,0,0.2,0.5,8.0,0.400778931183716,1036.8397238129828,455.1171363688689,581.722587444114,581.722587444114,0.9695376457401892,8.344650268554688e-05,4.76837158203125e-07,0.06910181045532227,7.367134094238281e-05,0.0037512779235839844,0
77,515.6041887900356,65.15444187786842,455.1171363688689,1000,0,0.9,0.1,8.0,0.3197681727059394,935.1167873253314,438.0341241585695,497.0826631667619,497.0826631667619,0.828471105277937,8.416175842285156e-05,4.76837158203125e-07,0.06883835792541504,7.295608520507812e-05,0.003835916519165039,0
78,461.1658416109855,59.243868214293244,438.0341241585695,1000,0,0.2,0.1,8.0,0.20191489504797633,897.89964843296,560.8829212991247,337.0167271338353,337.0167271338353,0.561694545223058,8.344650268554688e-05,4.76837158203125e-07,0.06836819648742676,7.2479248046875e-05,0.0036940574645996094,0
79,456.53949812050234,55.1700187890572,560.8829212991247,1000,0,0.6,0.4,8.0,0.2800253288309953,917.5212238837871,468.01277793740053,449.5084459463866,449.5084459463866,0.7491807432439774,9.489059448242188e-05,4.76837158203125e-07,0.06911444664001465,7.319450378417969e-05,0.003705263137817383,0
80,519.1455520276758,49.79695898201392,468.01277793740053,1000,0,0.4,0.1,8.0,0.2481688475882726,881.774278625398,474.4941196082763,407.28015901712166,407.28015901712166,0.6788002650285367,8.296966552734375e-05,2.384185791015625e-07,0.06923937797546387,7.343292236328125e-05,0.003668546676635742,0
81,498.6924423915657,47.88522952922904,474.4941196082763,1000,0,0.1,0.1,8.0,0.22899953285723407,858.4690551276542,478.8252672076618,379.6437879199924,379.6437879199924,0.632739646533321,9.5367431640625e-05,4.76837158203125e-07,0.06931328773498535,7.390975952148438e-05,0.003750324249267578,0
82,496.27261011323674,45.27455562680218,478.8252672076618,1000,0,0.4,0.1,8.0,0.16342381130445213,823.6451980586585,556.7871712068942,266.8580268517643,266.8580268517643,0.4447633780862734,8.344650268554688e-05,2.384185791015625e-07,0.06959295272827148,7.486343383789062e-05,0.003754854202270508,0
83,489.2936729510067,41.79394063845646,556.7871712068942,1000,0,0.4,0.1,8.0,0.1489417396161136,849.6043240130742,613.0489927806,236.55533123247426,236.55533123247426,0.39425888538745735,9.679794311523438e-05,4.76837158203125e-07,0.06964516639709473,7.43865966796875e-05,0.003636598587036133,0
84,516.2910722533617,41.66415646996407,613.0489927806,1000,0,0.2,0.9,7.0,0.27918067263931645,1052.467485345065,604.0267996113298,448.4406857337351,448.4406857337351,0.7474011428895588,8.416175842285156e-05,2.384185791015625e-07,0.07048559188842773,7.295608520507812e-05,0.003668069839477539,0
85,535.6426563588094,73.83211842660793,604.0267996113298,1000,0,0.2,0.2,8.0,0.31071169439049495,1109.3767463028303,622.7099528109387,486.66679349189155,486.66679349189155,0.811111322486485,9.72747802734375e-05,1.1920928955078125e-06,0.07025861740112305,7.605552673339844e-05,0.003711223602294922,0
86,549.3194850093136,70.0071576616896,622.7099528109387,1000,0,0.1,0.1,8.0,0.41396102223861986,1113.5512037708113,519.2174193628746,594.3337844079367,594.3337844079367,0.9905563073465622,8.416175842285156e-05,7.152557373046875e-07,0.07007265090942383,7.295608520507812e-05,0.003668546676635742,0
87,556.6585317894761,69.61158399766691,519.2174193628746,1000,0,0.9,0.1,8.0,0.2986275136825937,1027.1602243828647,554.7646902697608,472.39553411310396,472.39553411310396,0.787325890188507,8.511543273925781e-05,4.76837158203125e-07,0.07044577598571777,7.367134094238281e-05,0.003718852996826172,0
88,522.9615306055348,63.02483672216624,554.7646902697608,1000,0,0.9,0.1,8.0,0.2492763730588865,1007.9074514760732,599.0860882740383,408.82136320203495,408.82136320203495,0.6813689386700581,8.273124694824219e-05,4.76837158203125e-07,0.07072925567626953,7.43865966796875e-05,0.0037250518798828125,0
89,551.5843743033381,57.04038464659188,599.0860882740383,1000,0,0.1,0.9,8.0,0.2551369379675253,909.7779599478184,492.8948254143488,416.8831345334696,416.8831345334696,0.6948052242224501,9.72747802734375e-05,4.76837158203125e-07,0.07055139541625977,7.367134094238281e-05,0.0036814212799072266,0
90,556.3345457004082,44.18042678092628,492.8948254143488,1000,0,0.1,0.7,8.0,0.5325720650220858,975.7597881877648,277.3625297540001,698.3972584337647,698.3972584337647,1.1639954307229416,8.606910705566406e-05,4.76837158203125e-07,0.0706934928894043,7.653236389160156e-05,0.003607034683227539,0
91,549.9905736718023,53.221151814495315,277.3625297540001,1000,0,0.3,0.9,8.0,0.9982763506777105,1884.8244232937807,659.8999828450745,1224.9244404487063,1224.9244404487063,2.0415407340811775,8.225440979003906e-05,2.384185791015625e-07,0.07034659385681152,7.176399230957031e-05,0.003698587417602539,0
92,468.2021604964616,177.07778284966489,659.8999828450745,1000,0,0.9,0.1,8.0,0.9734505055182334,1931.0260629156894,632.3827242889654,1298.643338626724,1298.643338626724,2.164405564377873,9.846687316894531e-05,4.76837158203125e-07,0.07086467742919922,7.62939453125e-05,0.003756999969482422,0
93,640.7302006102132,161.28698278818453,632.3827242889654,1000,0,0.3,0.2,8.0,0.9973537366986086,1679.8118210380176,510.7041964062569,1169.1076246317607,1169.1076246317607,1.9485127077196012,8.463859558105469e-05,2.384185791015625e-07,0.07064533233642578,7.224082946777344e-05,0.0036427974700927734,0
94,638.2259577138389,130.19823291552234,510.7041964062569,1000,0,0.9,0.1,7.0,0.683089300651381,1352.6317631963366,534.9150209840178,817.7167422123188,817.7167422123188,1.3628612370205317,8.440017700195312e-05,4.76837158203125e-07,0.07087159156799316,7.367134094238281e-05,0.004006624221801758,0
95,523.4563725370151,118.45362723704594,534.9150209840178,1000,0,0.3,0.3,8.0,0.46467190774924755,1209.4848089895377,568.8606209580994,640.6241880314383,640.6241880314383,1.0677069800523977,8.463859558105469e-05,2.384185791015625e-07,0.07114100456237793,7.343292236328125e-05,0.003705263137817383,0
96,526.8939670711159,85.32385523980273,568.8606209580994,1000,0,0.3,0.1,8.0,0.45779706730650055,1177.3170471405015,542.7849871110409,634.5320600294606,634.5320600294606,1.0575534333824343,8.511543273925781e-05,4.76837158203125e-07,0.07146048545837402,7.390975952148438e-05,0.0036840438842773438,0
97,539.4839632372109,79.72913548791131,542.7849871110409,1000,0,0.1,0.4,8.0,0.2571016028281086,932.0208647231984,512.4695344907622,419.55133023243627,419.55133023243627,0.6992522170540605,8.440017700195312e-05,4.76837158203125e-07,0.07187080383300781,7.43865966796875e-05,0.0038518905639648438,0
98,539.8140656245939,49.02584988732557,512.4695344907622,1000,0,0.7,0.1,6.0,0.17558931288472035,790.3344988265594,499.84084862133585,290.49365020522356,290.49365020522356,0.4841560836753729,9.512901306152344e-05,7.152557373046875e-07,0.07200908660888672,7.295608520507812e-05,0.0037271976470947266,0
99,520.6728938309117,44.94360083260796,499.84084862133585,1000,0,0.1,0.1,8.0,0.1231679824027375,857.182687855626,681.9407374091053,175.24195044652072,175.24195044652072,0.29206991741086785,8.416175842285156e-05,2.384185791015625e-07,0.07194089889526367,7.43865966796875e-05,0.0037963390350341797,0
100,518.5896893099541,42.32412481820899,681.9407374091053,1000,0,0.9,0.6,5.0,0.1184170210476205,799.2591966653536,636.6027217925878,162.65647487276578,162.65647487276578,0.27109412478794326,8.440017700195312e-05,4.76837158203125e-07,0.07205057144165039,7.343292236328125e-05,0.003673553466796875,0
101,665.6056325991901,26.73071281323269,636.6027217925878,1000,0,0.3,0.9,8.0,0.23813347988773442,824.4640000730712,431.4178672197866,393.04613285328463,393.04613285328463,0.655076888088808,8.416175842285156e-05,2.384185791015625e-07,0.07238602638244629,7.414817810058594e-05,0.003757476806640625,0
102,656.9047593572094,20.944905089482734,431.4178672197866,1000,0,0.1,0.6,8.0,0.9499829848463998,1675.4831404634785,611.9768899476637,1063.5062505158148,1063.5062505158148,1.7725104175263589,8.320808410644531e-05,4.76837158203125e-07,0.07264590263366699,7.367134094238281e-05,0.0037212371826171875,0
103,634.3560701434672,130.14088379000142,611.9768899476637,1000,0,0.2,0.3,8.0,0.9200011532904989,1401.6372093042573,376.09745310384636,1025.539756200411,1025.539756200411,1.7092329270006843,8.344650268554688e-05,4.76837158203125e-07,0.07263517379760742,7.390975952148438e-05,0.003693819046020508,0
104,629.8802341043065,96.46962189999384,376.09745310384636,1000,0,0.2,0.1,8.0,0.9249047739496312,1436.1259354244648,404.85873967715634,1031.2671957473085,1031.2671957473085,1.718778659578848,9.870529174804688e-05,1.1920928955078125e-06,0.07377409934997559,7.43865966796875e-05,0.0038442611694335938,0
105,579.1236779042146,107.12528219003127,404.85873967715634,1000,0,0.3,0.2,8.0,0.9179598285981618,1407.6227332666024,384.4241852307855,1023.1985480358169,1023.1985480358169,1.7053309133930288,9.512901306152344e-05,4.76837158203125e-07,0.07288932800292969,7.534027099609375e-05,0.00368499755859375,0
106,526.844196436097,110.09731710381317,384.4241852307855,1000,0,0.3,0.1,8.0,0.7956338230687277,1356.5740824969328,448.95251697985907,907.6215655170737,907.6215655170737,1.512702609195122,9.34600830078125e-05,2.384185791015625e-07,0.07255077362060547,7.486343383789062e-05,0.003674030303955078,0
107,484.11819307450355,109.05698617780365,448.95251697985907,1000,0,0.4,0.2,8.0,0.5171272399701204,1201.775683225448,516.1864502370585,685.5892329883894,685.5892329883894,1.1426487216473156,8.440017700195312e-05,2.384185791015625e-07,0.07312583923339844,7.462501525878906e-05,0.0037145614624023438,0
108,470.05192263664577,91.46547007360027,516.1864502370585,1000,0,0.2,0.1,7.0,0.5160250846542488,1081.3466250766412,396.67798114758676,684.6686439290545,684.6686439290545,1.1411144065484233,8.296966552734375e-05,2.384185791015625e-07,0.0729217529296875,7.295608520507812e-05,0.0037102699279785156,0
109,479.27882815672837,86.00968527427325,396.67798114758676,1000,0,0.2,0.5,8.0,0.6413807069170118,1071.1201102812463,285.9298684504947,785.1902418307516,785.1902418307516,1.308650403051253,8.392333984375e-05,2.384185791015625e-07,0.07340216636657715,7.367134094238281e-05,0.0037429332733154297,0
110,462.75865875490007,76.04518144079327,285.9298684504947,1000,0,0.3,0.1,8.0,0.43772301732710145,1056.2594506077571,439.8286255126749,616.4308250950822,616.4308250950822,1.0273847084918035,8.225440979003906e-05,4.76837158203125e-07,0.0744173526763916,7.462501525878906e-05,0.0039746761322021484,0
111,409.71002166357846,80.81867861802232,439.8286255126749,1000,0,0.3,0.1,8.0,0.4167961763198303,1017.5065070235621,420.49467770857,597.0118293149922,597.0118293149922,0.9950197155249878,8.392333984375e-05,4.76837158203125e-07,0.07419323921203613,7.343292236328125e-05,0.003869295120239258,0
112,418.74560281830736,74.84511302565684,420.49467770857,1000,0,0.2,0.8,8.0,0.07785065313756123,547.8028620755554,517.5460110867879,30.256850988767496,30.256850988767496,0.05042808498127904,8.344650268554688e-05,2.384185791015625e-07,0.07433724403381348,7.319450378417969e-05,0.003681182861328125,0
113,419.0954177963599,16.088430534899434,517.5460110867879,1000,0,0.1,0.6,8.0,0.14843271521142487,905.7300178517294,670.2878066897046,235.44221116202482,235.44221116202482,0.39240368527004055,8.440017700195312e-05,2.384185791015625e-07,0.07325267791748047,7.390975952148438e-05,0.003843545913696289,0
114,428.94047712540277,59.59869259079083,670.2878066897046,1000,0,0.2,0.9,7.0,0.9918179747891519,1735.3195688558978,589.7410487286479,1145.57852012725,1145.57852012725,1.9092975335454163,8.344650268554688e-05,4.76837158203125e-07,0.07479262351989746,7.462501525878906e-05,0.003733396530151367,0
115,477.20994303826313,179.72994654537638,589.7410487286479,1000,0,0.9,0.1,8.0,0.9037117058809582,1881.5460417415502,489.0172806014957,1392.5287611400545,1392.5287611400545,2.320881268566758,8.344650268554688e-05,2.384185791015625e-07,0.07482695579528809,7.271766662597656e-05,0.003803730010986328,0
116,578.4879381596094,162.8822629477426,489.0172806014957,1000,0,0.9,0.1,8.0,0.9295205414338393,1677.8742921857026,314.6776357324043,1363.1966564532984,1363.1966564532984,2.2719944274221646,0.00010704994201660156,2.384185791015625e-07,0.08032894134521484,7.295608520507812e-05,0.0036411285400390625,0
117,497.9643463573071,147.48874322854945,314.6776357324043,1000,0,0.9,0.1,8.0,0.8471079861491418,1409.588194890443,457.3861476451951,952.202047245248,952.202047245248,1.587003412075413,8.440017700195312e-05,4.76837158203125e-07,0.07483649253845215,7.2479248046875e-05,0.003737211227416992,0
118,333.0063067948946,134.57273601194356,457.3861476451951,1000,0,0.9,0.1,8.0,0.5740464077138657,1423.8222501141827,691.7642337164705,732.0580163977122,732.0580163977122,1.2200966939961866,8.344650268554688e-05,7.152557373046875e-07,0.07480382919311523,7.486343383789062e-05,0.003644227981567383,0
119,444.948163560165,122.35926081925221,691.7642337164705,1000,0,0.7,0.1,8.0,0.9497106444366445,1557.941947405708,221.0641097922757,1336.8778376134323,1336.8778376134323,2.22812972935572,8.440017700195312e-05,2.384185791015625e-07,0.07472515106201172,7.295608520507812e-05,0.003837108612060547,0
120,617.7194126695788,117.52781684201616,221.0641097922757,1000,0,0.7,0.2,8.0,0.5415789394297988,1282.6332738254757,576.8414211482535,705.7918526772222,705.7918526772222,1.1763197544620372,8.440017700195312e-05,4.76837158203125e-07,0.0746150016784668,7.271766662597656e-05,0.0038521289825439453,0
121,340.06070065546663,117.82157164625113,576.8414211482535,1000,0,0.5,0.1,7.0,0.5729835151178462,1283.6002144457177,552.3935597492989,731.2066546964188,731.2066546964188,1.2186777578273649,8.296966552734375e-05,4.76837158203125e-07,0.07468652725219727,7.271766662597656e-05,0.0036630630493164062,0
122,458.45106090186005,117.87845050626538,552.3935597492989,1000,0,0.4,0.1,8.0,0.7990185959562947,1389.845303532717,479.3948281668773,910.4504753658398,910.4504753658398,1.5174174589430667,8.249282836914062e-05,2.384185791015625e-07,0.07582497596740723,7.319450378417969e-05,0.003874063491821289,0
123,496.0280604408356,111.72715538648518,479.3948281668773,1000,0,0.3,0.1,8.0,0.4789516010789728,1304.788219614758,651.6699228776079,653.1182967371501,653.1182967371501,1.0885304945619172,8.368492126464844e-05,4.76837158203125e-07,0.07581639289855957,7.319450378417969e-05,0.0036885738372802734,0
124,491.0380907586481,101.71876610701374,651.6699228776079,1000,0,0.8,0.1,8.0,0.7779808518468984,1377.6197655633482,484.5783583481893,893.0414072151589,893.0414072151589,1.4884023453585984,9.512901306152344e-05,4.76837158203125e-07,0.0756072998046875,7.152557373046875e-05,0.003715038299560547,0
125,619.5435564538159,94.75952613869156,484.5783583481893,1000,0,0.2,0.1,8.0,0.6264542729564097,1361.196831818871,587.6822207451235,773.5146110737476,773.5146110737476,1.289191018456246,8.296966552734375e-05,2.384185791015625e-07,0.07560467720031738,7.390975952148438e-05,0.003699064254760742,0
126,592.5505168326906,96.08078937327254,587.6822207451235,1000,0,0.2,0.3,8.0,0.40962610350718764,1138.9764065936324,548.7603830205995,590.2160235730329,590.2160235730329,0.9836933726217207,8.726119995117188e-05,2.384185791015625e-07,0.07581233978271484,7.414817810058594e-05,0.0037946701049804688,0
127,591.5768576151772,68.42494362230691,548.7603830205995,1000,0,0.3,0.3,8.0,0.4473584382193385,1033.8432768406128,408.66369120829717,625.1795856323156,625.1795856323156,1.0419659760538593,8.702278137207031e-05,2.384185791015625e-07,0.07664918899536133,0.00014448165893554688,0.0040435791015625,0
128,578.7319152368038,56.88892020047612,408.66369120829717,1000,0,0.3,0.1,8.0,0.19206699982238923,1032.5498789276435,712.2725407984266,320.2773381292169,320.2773381292169,0.5337955635486944,8.320808410644531e-05,4.76837158203125e-07,0.07622313499450684,7.319450378417969e-05,0.0038466453552246094,0
129,527.7114480282518,63.10480386242397,712.2725407984266,1000,0,0.2,0.9,7.0,0.7245577642256897,1538.9849368476644,688.7712217206747,850.2137151269897,850.2137151269897,1.4170228585449829,8.392333984375e-05,4.76837158203125e-07,0.07541847229003906,7.367134094238281e-05,0.0035963058471679688,0
130,564.6236665822868,139.19446718076824,688.7712217206747,1000,0,0.9,0.2,8.0,0.8084670423064814,1587.0646649858948,668.6529995261952,918.4116654596995,918.4116654596995,1.5306861090994994,8.606910705566406e-05,2.384185791015625e-07,0.07683777809143066,7.271766662597656e-05,0.0036063194274902344,0
131,676.356466206836,113.83852484738235,668.6529995261952,1000,0,0.6,0.2,7.0,0.6193054476257216,1313.5440666849518,545.6362869998638,767.9077796850879,767.9077796850879,1.279846299475147,8.368492126464844e-05,2.384185791015625e-07,0.07616257667541504,7.2479248046875e-05,0.003683328628540039,0
132,671.7343861984516,91.68709721235714,545.6362869998638,1000,0,0.2,0.1,8.0,0.6651489867570278,1387.3646497748018,583.6349363349359,803.7297134398659,803.7297134398659,1.3395495223997766,9.894371032714844e-05,4.76837158203125e-07,0.07657861709594727,7.343292236328125e-05,0.0036530494689941406,0
133,646.514766358734,92.60623542700846,583.6349363349359,1000,0,0.2,0.4,8.0,0.7159924321544506,1239.4210952645385,395.9528584277319,843.4682368368067,843.4682368368067,1.4057803947280112,9.584426879882812e-05,7.152557373046875e-07,0.07631731033325195,7.128715515136719e-05,0.0036690235137939453,0
134,633.9388003539744,75.6852868638205,395.9528584277319,1000,0,0.2,0.1,8.0,0.591148081253251,1283.5866802210287,537.8970902463041,745.6895899747246,745.6895899747246,1.2428159832912078,8.463859558105469e-05,2.384185791015625e-07,0.07701468467712402,7.486343383789062e-05,0.0037326812744140625,0
135,586.3416119687259,87.15563353153784,537.8970902463041,1000,0,0.2,0.2,8.0,0.4229690693943705,1196.4577500307842,593.6552256167649,602.8025244140192,602.8025244140192,1.0046708740233647,8.416175842285156e-05,4.76837158203125e-07,0.07704758644104004,7.390975952148438e-05,0.0037627220153808594,0
136,576.6527076242417,77.4756303008178,593.6552256167649,1000,0,0.2,0.9,8.0,0.11397610172564847,739.9682191003346,589.5092984788746,150.45892062146004,150.45892062146004,0.2507648677024328,8.511543273925781e-05,2.384185791015625e-07,0.07702827453613281,7.319450378417969e-05,0.0036978721618652344,0
137,580.0532112227463,19.98937598469854,589.5092984788746,1000,0,0.2,0.1,8.0,0.17482344306912637,731.9198316077236,442.87013846554066,289.04969314218295,289.04969314218295,0.48174948857030575,8.368492126464844e-05,4.76837158203125e-07,0.07702970504760742,7.224082946777344e-05,0.0037233829498291016,0
138,581.944428673972,18.746925366718948,442.87013846554066,1000,0,0.1,0.5,8.0,0.49683026852729356,1143.6921458703575,475.2101987136223,668.4819471567353,668.4819471567353,1.1141365785945592,8.416175842285156e-05,4.76837158203125e-07,0.07672405242919922,7.176399230957031e-05,0.00370025634765625,0
139,568.0369996531289,71.95689327715358,475.2101987136223,1000,0,0.1,0.5,8.0,0.39505940509074294,1180.758376050016,604.5931068917381,576.165269158278,576.165269158278,0.9602754485971303,8.368492126464844e-05,4.76837158203125e-07,0.07752132415771484,7.43865966796875e-05,0.003754138946533203,0
140,558.7543195591782,77.75050706135474,604.5931068917381,1000,0,0.1,0.3,8.0,0.2924130127198931,1097.75281847435,632.8738542685943,464.8789642057558,464.8789642057558,0.7747982736762591,8.368492126464844e-05,2.384185791015625e-07,0.07721900939941406,7.152557373046875e-05,0.003780841827392578,0
141,563.3381982924342,66.80182752273949,632.8738542685943,1000,0,0.1,0.4,8.0,0.4780929221418798,1091.203225210541,438.8304018386028,652.3728233719381,652.3728233719381,1.08728803895323,8.559226989746094e-05,4.76837158203125e-07,0.0774998664855957,7.534027099609375e-05,0.0037941932678222656,0
142,570.2917638900502,65.11393266506133,438.8304018386028,1000,0,0.1,0.6,8.0,0.7205225573994853,1333.423296275355,486.39031643863217,847.0329798367227,847.0329798367227,1.4117216330612052,8.440017700195312e-05,4.76837158203125e-07,0.07749748229980469,7.319450378417969e-05,0.003688812255859375,0
143,557.1456276849055,97.03470857380616,486.39031643863217,1000,0,0.2,0.1,8.0,0.5525727435911693,1286.92786636467,572.1777723913989,714.7500939732712,714.7500939732712,1.191250156622119,8.273124694824219e-05,4.76837158203125e-07,0.07816910743713379,7.081031799316406e-05,0.0037124156951904297,0
144,542.9945654356509,92.99166261612741,572.1777723913989,1000,0,0.9,0.1,8.0,0.5288464383536885,1241.1340790884014,545.8111087541611,695.3229703342404,695.3229703342404,1.158871617223733,8.344650268554688e-05,2.384185791015625e-07,0.07821512222290039,7.390975952148438e-05,0.0038743019104003906,0
145,569.259451695824,83.98432842407216,545.8111087541611,1000,0,0.2,0.5,8.0,0.36097870911581703,975.5417942171018,433.69067270695587,541.851121510146,541.851121510146,0.9030852025169098,8.463859558105469e-05,2.384185791015625e-07,0.07773661613464355,7.295608520507812e-05,0.0037288665771484375,0
146,564.5697831074915,51.3715013887013,433.69067270695587,1000,0,0.2,0.3,8.0,0.3733268462705113,1077.3622607731402,522.8270095373022,554.535251235838,554.535251235838,0.9242254187263965,8.392333984375e-05,4.76837158203125e-07,0.0777122974395752,7.343292236328125e-05,0.0037276744842529297,0
147,538.3939610273844,67.37103746821947,522.8270095373022,1000,0,0.1,0.5,8.0,0.20260775672347017,862.3624411155504,524.1951123060728,338.16732880947757,338.16732880947757,0.5636122146824629,9.751319885253906e-05,2.384185791015625e-07,0.07869362831115723,7.343292236328125e-05,0.0037508010864257812,0
148,536.8372658783762,40.69064690464677,524.1951123060728,1000,0,0.3,0.3,8.0,0.17362429813567554,782.1510604741768,495.3736150376449,286.7774454365319,286.7774454365319,0.4779624090608863,9.799003601074219e-05,4.76837158203125e-07,0.07777810096740723,7.414817810058594e-05,0.003734111785888672,0
149,533.0446198066852,31.138305083436453,495.3736150376449,1000,0,0.1,0.6,8.0,0.15298105396225076,791.6588361990318,546.391397990202,245.26743820882984,245.26743820882984,0.40877906368138284,8.296966552734375e-05,4.76837158203125e-07,0.07854008674621582,7.343292236328125e-05,0.0037775039672851562,0
150,529.2775193297812,32.79766460865633,546.391397990202,1000,0,0.2,0.2,8.0,0.2533461845372807,764.5111132426046,350.0748604442936,414.43625279831093,414.43625279831093,0.6907270879971854,8.273124694824219e-05,2.384185791015625e-07,0.0790567398071289,7.2479248046875e-05,0.0036199092864990234,0
151,532.7002950618653,28.97635227259241,350.0748604442936,1000,0,0.2,0.9,7.0,0.8706673600158861,1436.8908452017267,462.76631881471445,974.1245263870123,974.1245263870123,1.6235408773116875,8.630752563476562e-05,4.76837158203125e-07,0.0792245864868164,7.2479248046875e-05,0.0036699771881103516,0
152,496.17520813835097,134.38794815191085,462.76631881471445,1000,0,0.7,0.1,8.0,0.8984292923360909,1448.4003457432364,446.5210952016852,1001.8792505415511,1001.8792505415511,1.6697987509025856,8.296966552734375e-05,2.384185791015625e-07,0.0791471004486084,7.295608520507812e-05,0.0038008689880371094,0
153,472.7889856118054,121.95142001642886,446.5210952016852,1000,0,0.8,0.1,8.0,0.7017301562606947,1334.0277598676162,501.7468991965572,832.2808606710589,832.2808606710589,1.3871347677850974,9.942054748535156e-05,7.152557373046875e-07,0.07921791076660156,7.176399230957031e-05,0.003747224807739258,0
154,451.77467328370926,110.28163582298838,501.7468991965572,1000,0,0.9,0.1,7.0,0.8357490934966697,1195.0220381039985,252.9915203723196,942.0305177316789,942.0305177316789,1.5700508628861307,8.463859558105469e-05,4.76837158203125e-07,0.07921862602233887,7.486343383789062e-05,0.0036628246307373047,0
155,496.74967660527244,99.75319449981802,252.9915203723196,1000,0,0.5,0.5,7.0,0.6191244245738442,1150.5835526458266,382.81789903646893,767.7656536093576,767.7656536093576,1.2796094226822632,8.20159912109375e-05,2.384185791015625e-07,0.07957768440246582,7.462501525878906e-05,0.003688335418701172,0
156,374.870598488796,110.81613630814722,382.81789903646893,1000,0,0.9,0.1,7.0,0.40063750168896956,1080.7211387613663,499.1353285582089,581.5858102031574,581.5858102031574,0.9693096836719297,8.273124694824219e-05,4.76837158203125e-07,0.0794677734375,7.295608520507812e-05,0.003660440444946289,0
157,382.02316898170164,99.81399568280924,499.1353285582089,1000,0,0.9,0.1,8.0,0.6916056021412725,1215.4538542829052,391.08936498955813,824.3644892933471,824.3644892933471,1.3739408154889121,0.00010013580322265625,1.1920928955078125e-06,0.07955312728881836,7.390975952148438e-05,0.0037534236907958984,0
158,487.42411260055815,91.00371771029339,391.08936498955813,1000,0,0.2,0.5,8.0,0.42519495990457207,1140.4432262747318,535.5658088380519,604.8774174366799,604.8774174366799,1.0081290290611333,8.559226989746094e-05,2.384185791015625e-07,0.0794217586517334,7.271766662597656e-05,0.0036773681640625,0
159,468.15716307835817,84.03575789954671,535.5658088380519,1000,0,0.3,0.9,6.0,0.17129643894236862,793.6058925176369,511.2798844333859,282.326008084251,282.326008084251,0.4705433468070854,8.559226989746094e-05,2.384185791015625e-07,0.08024811744689941,7.414817810058594e-05,0.003743886947631836,0
160,488.37975680626624,50.87102261856177,511.2798844333859,1000,0,0.1,0.7,8.0,0.1629395598464885,728.1768670942097,462.2920478177725,265.88481927643716,265.88481927643716,0.443141365460729,8.535385131835938e-05,4.76837158203125e-07,0.08067703247070312,7.2479248046875e-05,0.0037488937377929688,0
161,490.6697695689782,29.688387190653927,462.2920478177725,1000,0,0.9,0.7,8.0,0.002181141513565572,552.2734734311376,1606.206415358283,-1053.9329419271453,-1053.9329419271453,-1.7565549032119088,8.368492126464844e-05,4.76837158203125e-07,0.08052873611450195,7.224082946777344e-05,0.003616809844970703,0
162,465.1298199928931,10.892956679780573,803.1032076791415,1000,0,0.2,0.9,6.0,0.9309576895412119,1999.3053063426041,637.8634492445875,1361.4418570980165,1361.4418570980165,2.2690697618300266,8.416175842285156e-05,7.152557373046875e-07,0.08000755310058594,7.367134094238281e-05,0.003663301467895508,0
163,532.7244975301428,244.4301348020769,637.8634492445875,1000,0,0.8,0.1,8.0,0.3038815088026906,2393.5548617509635,472.20971730640747,1921.345144444556,1921.345144444556,3.2022419074075934,8.487701416015625e-05,4.76837158203125e-07,0.08144783973693848,7.2479248046875e-05,0.003667593002319336,0
164,616.8356589016986,222.0899003561581,472.20971730640747,1000,0,0.5,0.2,8.0,0.8239219530409931,2081.598803659698,613.262883520582,1468.3359201391163,1468.3359201391163,2.4472265335651935,9.512901306152344e-05,4.76837158203125e-07,0.08080220222473145,7.343292236328125e-05,0.0036733150482177734,0
165,544.522688104053,192.13451444445562,613.262883520582,1000,0,0.9,0.3,8.0,0.9756301257893047,1698.8397917678476,593.2771036677955,1105.5626881000521,1105.5626881000521,1.8426044801667532,8.296966552734375e-05,2.384185791015625e-07,0.08147192001342773,7.295608520507812e-05,0.003676891326904297,0
166,606.3888639789291,136.55636597361482,593.2771036677955,1000,0,0.8,0.1,8.0,0.9325171240468701,1581.2031723898303,540.7232216331585,1040.4799507566718,1040.4799507566718,1.7341332512611194,8.416175842285156e-05,4.76837158203125e-07,0.08084964752197266,7.295608520507812e-05,0.0037794113159179688,0
167,595.8994557300222,123.16296458247601,540.7232216331585,1000,0,0.2,0.1,6.0,0.7192251615037107,1276.4288100225147,430.41738296515337,846.0114270573613,846.0114270573613,1.410019045095602,8.296966552734375e-05,4.76837158203125e-07,0.08110857009887695,7.43865966796875e-05,0.0036847591400146484,0
168,584.8642089106495,115.26076685197752,430.41738296515337,1000,0,0.9,0.1,8.0,0.8097376297001262,1288.0953329695808,368.6054098895255,919.4899230800553,919.4899230800553,1.5324832051334258,8.654594421386719e-05,2.384185791015625e-07,0.08118057250976562,7.295608520507812e-05,0.0036721229553222656,0
169,445.86206555970296,105.27915842623473,368.6054098895255,1000,0,0.8,0.9,6.0,0.0067955266488990565,530.6614242030932,1242.9750148198468,-712.3135906167536,-712.3135906167536,-1.187189317694589,8.463859558105469e-05,7.152557373046875e-07,0.08094000816345215,7.319450378417969e-05,0.003701448440551758,0
170,384.05674102356096,24.43411386325538,621.4875074099234,1000,0,0.1,0.9,8.0,0.991054049012517,1965.8984749364304,708.9785111947192,1256.9199637417112,1256.9199637417112,2.0948666062361854,8.344650268554688e-05,4.76837158203125e-07,0.08212161064147949,7.271766662597656e-05,0.0036780834197998047,0
171,407.7998176621972,194.76233215927914,708.9785111947192,1000,0,0.7,0.1,8.0,0.565241968074386,2093.1965811295777,418.18631219745544,1675.0102689321222,1675.0102689321222,2.7916837815535365,8.392333984375e-05,4.76837158203125e-07,0.08175158500671387,7.271766662597656e-05,0.0036547183990478516,0
172,618.6249031349626,184.3214597493269,418.18631219745544,1000,0,0.9,0.1,8.0,0.8838486624996743,1781.37976876136,368.37467307198744,1413.0050956893726,1413.0050956893726,2.355008492815621,8.440017700195312e-05,2.384185791015625e-07,0.08160853385925293,7.963180541992188e-05,0.0036759376525878906,0
173,438.23017129120615,167.89369968376926,368.37467307198744,1000,0,0.9,0.2,8.0,0.99830887825724,1461.0567805851078,285.74465398059226,1175.3121266045155,1175.3121266045155,1.95885354434086,8.463859558105469e-05,4.76837158203125e-07,0.0818781852722168,7.2479248046875e-05,0.0037260055541992188,0
174,375.36022289390934,135.7120697113998,285.74465398059226,1000,0,0.8,0.2,8.0,0.6969147094597244,1200.901995968476,372.38846016220646,828.5135358062696,828.5135358062696,1.38085589301045,8.249282836914062e-05,4.76837158203125e-07,0.08257269859313965,7.43865966796875e-05,0.0036611557006835938,0
175,303.6677677632557,112.15427852565254,372.38846016220646,1000,0,0.8,0.2,8.0,0.5161461133431552,1098.422325814257,413.652546397928,684.7697794163289,684.7697794163289,1.1412829656938817,8.845329284667969e-05,4.76837158203125e-07,0.08180832862854004,7.271766662597656e-05,0.0037403106689453125,0
176,358.6443216824163,92.47225051648007,413.652546397928,1000,0,0.9,0.1,8.0,0.26305121545701343,1078.3525856222743,650.8225571962063,427.53002842606804,427.53002842606804,0.7125500473767801,8.249282836914062e-05,4.76837158203125e-07,0.08165979385375977,7.271766662597656e-05,0.0036852359771728516,0
177,408.1517239263768,83.77510771198719,650.8225571962063,1000,0,0.2,0.6,8.0,0.9973243445394159,1656.6222350148469,487.68600313564207,1168.9362318792048,1168.9362318792048,1.9482270531320083,8.440017700195312e-05,4.76837158203125e-07,0.08261895179748535,7.414817810058594e-05,0.0037229061126708984,0
178,456.68589058034274,149.992043054313,487.68600313564207,1000,0,0.9,0.1,8.0,0.884602641246217,1567.0087108755897,579.2619905406715,987.7467203349182,987.7467203349182,1.6462445338915312,8.273124694824219e-05,4.76837158203125e-07,0.08278870582580566,7.343292236328125e-05,0.003847360610961914,0
179,484.58599188011215,135.30283987443468,579.2619905406715,1000,0,0.9,0.1,7.0,0.7456387156011913,1428.8296017897933,561.8973558192876,866.9322459705057,866.9322459705057,1.4448870766175093,8.440017700195312e-05,2.384185791015625e-07,0.08324432373046875,7.295608520507812e-05,0.0037517547607421875,0
180,569.7943906746156,122.71931587359681,561.8973558192876,1000,0,0.8,0.4,8.0,0.6199972754181731,1157.5835812910277,389.132700144496,768.4508811465316,768.4508811465316,1.2807514685775523,8.368492126464844e-05,7.152557373046875e-07,0.08355307579040527,7.295608520507812e-05,0.0036864280700683594,0
181,563.4767627903532,74.26335231258433,389.132700144496,1000,0,0.2,0.9,6.0,0.6849604414646701,1326.332312278835,507.1556474475521,819.1766648312828,819.1766648312828,1.3652944413854717,8.225440979003906e-05,4.76837158203125e-07,0.08365154266357422,7.486343383789062e-05,0.003700733184814453,0
182,528.6079502611817,132.95406033627555,507.1556474475521,1000,0,0.9,0.1,8.0,0.9518250675254379,1468.2862963751893,402.1571039236652,1066.129192451524,1066.129192451524,1.7768819874192063,8.58306884765625e-05,2.384185791015625e-07,0.08258366584777832,7.081031799316406e-05,0.004093170166015625,0
183,509.30087772891505,119.87317733078429,402.1571039236652,1000,0,0.9,0.1,8.0,0.703192606643028,1284.5298599902571,451.10399118991353,833.4258688003436,833.4258688003436,1.3890431146672402,8.249282836914062e-05,4.76837158203125e-07,0.08268427848815918,7.224082946777344e-05,0.003725290298461914,0
184,412.8714813041902,108.95729733575835,451.10399118991353,1000,0,0.9,0.1,7.0,0.4441596238180536,1136.3879891086194,514.1001645031779,622.2878246054415,622.2878246054415,1.0371463743424023,8.344650268554688e-05,2.384185791015625e-07,0.0831599235534668,7.557868957519531e-05,0.0038878917694091797,0
185,447.28074020134125,98.44389270103974,514.1001645031779,1000,0,0.5,0.1,8.0,0.39912093334725307,1216.2142495204803,636.0971474758749,580.1171020446054,580.1171020446054,0.9668618367410087,9.584426879882812e-05,2.384185791015625e-07,0.08385014533996582,7.367134094238281e-05,0.0037260055541992188,0
186,480.69045235225957,91.9404746460276,636.0971474758749,1000,0,0.1,0.1,8.0,0.834839311018511,1270.0953598050228,328.86997068583116,941.2253891191916,941.2253891191916,1.5687089818653197,8.58306884765625e-05,4.76837158203125e-07,0.08332157135009766,7.319450378417969e-05,0.0037631988525390625,0
187,496.2311218646211,96.73302974255022,328.86997068583116,1000,0,0.2,0.4,7.0,0.6048761837382688,1243.9265951880636,487.3743494954577,756.552245692606,756.552245692606,1.2609204094876771,9.918212890625e-05,4.76837158203125e-07,0.08389663696289062,7.152557373046875e-05,0.0036652088165283203,0
188,462.7588916288632,111.59538622274293,487.3743494954577,1000,0,0.9,0.2,8.0,0.44980432909556384,1203.0617487930083,575.679351946193,627.3823968468153,627.3823968468153,1.0456373280780253,8.463859558105469e-05,2.384185791015625e-07,0.08385419845581055,7.271766662597656e-05,0.0036923885345458984,0
189,484.9128037087982,89.76861813552625,575.679351946193,1000,0,0.2,0.5,8.0,0.45592216109187994,1152.5935402580456,519.732041855342,632.8614984027035,632.8614984027035,1.0547691640045054,9.72747802734375e-05,7.152557373046875e-07,0.08402061462402344,7.295608520507812e-05,0.0038607120513916016,0
190,503.0661133562772,81.19092836272105,519.732041855342,1000,0,0.5,0.6,8.0,0.1697805252605015,811.2082767642727,531.8103142007005,279.39796256357215,279.39796256357215,0.46566327093928717,8.249282836914062e-05,4.76837158203125e-07,0.0841822624206543,7.367134094238281e-05,0.0037355422973632812,0
191,511.39907760580957,37.47614989480789,531.8103142007005,1000,0,0.1,0.1,8.0,0.23001646895269062,797.9645708562371,416.80640717809047,381.1581636781466,381.1581636781466,0.6352636061302439,8.273124694824219e-05,4.76837158203125e-07,0.08375859260559082,7.271766662597656e-05,0.0037059783935546875,0
192,513.4402012652987,35.56554619886729,416.80640717809047,1000,0,0.2,0.5,8.0,0.34346513954510816,945.6037683223924,422.2897348163312,523.3140335060612,523.3140335060612,0.8721900558434346,8.368492126464844e-05,2.384185791015625e-07,0.08408880233764648,7.486343383789062e-05,0.0037670135498046875,0
193,494.11344244785704,56.43629073431693,422.2897348163312,1000,0,0.2,0.1,8.0,0.17871258664253906,932.0571670928105,635.7325849744157,296.3245821183948,296.3245821183948,0.4938743035306583,8.20159912109375e-05,4.76837158203125e-07,0.08624529838562012,0.0001475811004638672,0.00449061393737793,0
194,479.7487009215519,56.53855827140731,635.7325849744157,1000,0,0.3,0.1,7.0,0.19447486096057354,959.1688864331803,634.730264203819,324.4386222293613,324.4386222293613,0.5407310370489355,9.489059448242188e-05,7.152557373046875e-07,0.08392691612243652,7.367134094238281e-05,0.0039215087890625,0
195,526.543866137411,61.80357432796705,634.730264203819,1000,0,0.3,0.5,8.0,0.37250667791230996,1109.1359974551444,555.43394746484,553.7020499903044,553.7020499903044,0.9228367499838406,8.225440979003906e-05,4.76837158203125e-07,0.08403658866882324,7.2479248046875e-05,0.0037093162536621094,0
196,558.9997855573333,68.76702648722639,555.43394746484,1000,0,0.1,0.2,8.0,0.4132655967420489,1003.8869781195234,410.21189026625274,593.6750878532707,593.6750878532707,0.9894584797554522,8.463859558105469e-05,4.76837158203125e-07,0.08463597297668457,7.2479248046875e-05,0.003691434860229492,0
197,558.643201748084,55.65547204642992,410.21189026625274,1000,0,0.1,0.9,7.0,0.7594985214337352,1424.3644371343853,546.3240572548184,878.0403798795669,878.0403798795669,1.4634006331326113,8.368492126464844e-05,4.76837158203125e-07,0.08493161201477051,7.295608520507812e-05,0.0038764476776123047,0
198,543.8000705999009,125.79490950492634,546.3240572548184,1000,0,0.9,0.3,7.0,0.6203441682093296,1162.9967523609982,394.2735941470136,768.7231582139846,768.7231582139846,1.2812052636899747,8.273124694824219e-05,2.384185791015625e-07,0.08527398109436035,7.295608520507812e-05,0.0037114620208740234,0
199,546.0716585893267,88.13215625309593,394.2735941470136,1000,0,0.1,0.4,8.0,0.7081918699404858,1391.1046277538176,553.7612082931701,837.3434194606475,837.3434194606475,1.3955723657677455,8.273124694824219e-05,4.76837158203125e-07,0.08444356918334961,7.224082946777344e-05,0.0036754608154296875,0
200,530.8918521450954,107.52659695109027,553.7612082931701,1000,0,0.5,0.8,6.0,0.13573836448451768,726.24490131582,519.7579884913249,206.4869128244951,206.4869128244951,0.34414485470749234,8.440017700195312e-05,7.152557373046875e-07,0.08584880828857422,7.390975952148438e-05,0.0037031173706054688,0
201,542.3265302191328,30.65306184944786,519.7579884913249,1000,0,0.3,0.4,8.0,0.09959155821828293,733.24419804843,625.6061779364226,107.63802011200744,107.63802011200744,0.17939670018667897,8.225440979003906e-05,2.384185791015625e-07,0.08593082427978516,7.224082946777344e-05,0.003721952438354492,0
202,535.5559677007905,24.711028793454936,625.6061779364226,1000,0,0.1,0.6,8.0,0.34883816317756994,1012.6531890813401,483.5802174774139,529.0729716039261,529.0729716039261,0.8817882860065431,8.273124694824219e-05,4.76837158203125e-07,0.08606314659118652,7.104873657226562e-05,0.0037271976470947266,0
203,544.5609887243537,58.51152504462329,483.5802174774139,1000,0,0.2,0.1,8.0,0.38835592725568446,992.6755083942951,423.09305991447457,569.5824484798205,569.5824484798205,0.9493040807997009,8.249282836914062e-05,4.76837158203125e-07,0.08592510223388672,6.985664367675781e-05,0.0037653446197509766,0
204,532.3648344749658,57.538834239916156,423.09305991447457,1000,0,0.1,0.8,7.0,0.3768912150579519,1152.7217687396756,594.5803410678701,558.1414276718054,558.1414276718054,0.9302357127863425,8.273124694824219e-05,2.384185791015625e-07,0.08613395690917969,7.295608520507812e-05,0.0037190914154052734,0
205,521.4376570189168,90.18344453153699,594.5803410678701,1000,0,0.3,0.1,8.0,0.7873461674517368,1233.661165928083,332.91918084370275,900.7419850843802,900.7419850843802,1.501236641807301,8.416175842285156e-05,4.76837158203125e-07,0.08597159385681152,7.081031799316406e-05,0.0037441253662109375,0
206,543.3804622336027,86.28508796181004,332.91918084370275,1000,0,0.3,0.6,8.0,0.8074136752254807,1463.5042647644884,545.9850905766732,917.5191741878152,917.5191741878152,1.5291986236463586,8.273124694824219e-05,7.152557373046875e-07,0.08560800552368164,7.033348083496094e-05,0.003719329833984375,0
207,480.2420778166327,122.90777336848197,545.9850905766732,1000,0,0.8,0.1,8.0,0.8097386434361904,1428.2913383193418,508.80055419461166,919.4907841247301,919.4907841247301,1.5324846402078833,8.249282836914062e-05,2.384185791015625e-07,0.08618974685668945,7.152557373046875e-05,0.0037119388580322266,0
208,532.8364880246651,111.93185628683459,508.80055419461166,1000,0,0.9,0.1,7.0,0.5545381053890514,1218.0573575527787,501.7131498028542,716.3442077499245,716.3442077499245,1.193907012916541,8.606910705566406e-05,4.76837158203125e-07,0.0861208438873291,7.009506225585938e-05,0.0037775039672851562,0
209,511.204147577617,100.97902999645167,501.7131498028542,1000,0,0.4,0.6,8.0,0.11597005041786675,857.8747180476737,701.8852122052704,155.98950584240333,155.98950584240333,0.2599825097373385,8.535385131835938e-05,7.152557373046875e-07,0.08666825294494629,7.009506225585938e-05,0.003675699234008789,0
210,507.4077484677118,43.808371197495234,701.8852122052704,1000,0,0.2,0.8,7.0,0.8354534568357539,1478.893998435979,537.125257570134,941.7687408658451,941.7687408658451,1.569614568109742,8.559226989746094e-05,2.384185791015625e-07,0.08717513084411621,7.176399230957031e-05,0.0037386417388916016,0
211,546.3032412152236,133.2272510315365,537.125257570134,1000,0,0.3,0.1,8.0,0.9748597736592529,1507.9257243900097,403.8692189649146,1104.056505425095,1104.056505425095,1.840094175708491,8.416175842285156e-05,2.384185791015625e-07,0.08634662628173828,7.176399230957031e-05,0.0037071704864501953,0
212,543.5498461216966,120.54698478353912,403.8692189649146,1000,0,0.3,0.1,8.0,0.6488797848370201,1447.8050996239417,656.7608441469982,791.0442554769435,791.0442554769435,1.3184070924615723,8.296966552734375e-05,2.384185791015625e-07,0.0867457389831543,7.176399230957031e-05,0.003629446029663086,0
213,501.645657974662,118.26993020615996,656.7608441469982,1000,0,0.3,0.6,7.0,0.5023424713824602,1335.3746657502793,662.2134803970944,673.1611853531849,673.1611853531849,1.1219353089219748,8.153915405273438e-05,4.76837158203125e-07,0.08699965476989746,7.104873657226562e-05,0.0036950111389160156,0
214,548.1802138263629,112.45635027484519,662.2134803970944,1000,0,0.4,0.1,8.0,0.7546119354589271,1458.2152103874919,584.1035417229967,874.1116686644951,874.1116686644951,1.4568527811074912,8.177757263183594e-05,4.76837158203125e-07,0.08665227890014648,7.05718994140625e-05,0.0037107467651367188,0
215,593.7935204546554,108.05271124160457,584.1035417229967,1000,0,0.4,0.1,8.0,0.8332959946623675,1372.548239692741,432.6855823825718,939.8626573101692,939.8626573101692,1.5664377621836154,8.392333984375e-05,2.384185791015625e-07,0.08662867546081543,6.985664367675781e-05,0.0037009716033935547,0
216,589.9175289619919,97.82883884134364,432.6855823825718,1000,0,0.1,0.1,7.0,0.54270551603756,1289.5721453495498,582.8589873108956,706.7131580386542,706.7131580386542,1.177855263397757,8.296966552734375e-05,2.384185791015625e-07,0.08710050582885742,8.511543273925781e-05,0.003769397735595703,0
217,574.19433430405,102.1968301493571,582.8589873108956,1000,0,0.2,0.1,8.0,0.5964596457822298,1317.2898199051715,567.3897082936518,749.9001116115197,749.9001116115197,1.2498335193525323,8.678436279296875e-05,2.384185791015625e-07,0.08819055557250977,7.2479248046875e-05,0.004273414611816406,0
218,575.9272649054192,92.67031937496903,567.3897082936518,1000,0,0.3,0.1,8.0,0.6127844263709383,1245.3733291242556,482.59049191716866,762.7828372070869,762.7828372070869,1.2713047286784782,8.320808410644531e-05,4.76837158203125e-07,0.08742046356201172,7.081031799316406e-05,0.0037539005279541016,0
219,573.365997921889,84.00091640029585,482.59049191716866,1000,0,0.4,0.1,7.0,0.3653651709409849,1104.3872813638473,557.9955242990956,546.3917570647517,546.3917570647517,0.9106529284412535,8.273124694824219e-05,4.76837158203125e-07,0.08795976638793945,7.081031799316406e-05,0.0037102699279785156,0
220,537.0557955200009,81.04735512054948,557.9955242990956,1000,0,0.1,0.4,8.0,0.32253865794126696,988.4834918603407,488.2597341133246,500.22375774701607,500.22375774701607,0.8337062629116936,8.225440979003906e-05,4.76837158203125e-07,0.08705019950866699,7.081031799316406e-05,0.003869771957397461,0
221,539.1497683979103,56.1667154328038,488.2597341133246,1000,0,0.1,0.7,7.0,0.2649923370901772,876.4359185733625,446.3348818786624,430.10103669470016,430.10103669470016,0.7168350611578331,8.249282836914062e-05,4.76837158203125e-07,0.08869695663452148,7.176399230957031e-05,0.003723621368408203,0
222,534.0607649694517,48.910736229130116,446.3348818786624,1000,0,0.3,0.9,7.0,0.26146909798071233,928.8516598329871,503.428692810935,425.42296702205215,425.42296702205215,0.7090382783700866,8.368492126464844e-05,2.384185791015625e-07,0.08753514289855957,7.224082946777344e-05,0.0037376880645751953,0
223,507.74300004221493,60.15837997011032,503.428692810935,1000,0,0.1,0.3,7.0,0.2817695857384116,810.2416718397467,358.5364300969028,451.7052417428439,451.7052417428439,0.7528420695714066,8.392333984375e-05,4.76837158203125e-07,0.08786273002624512,7.009506225585938e-05,0.0036683082580566406,0
224,507.31156931908697,43.27572893152281,358.5364300969028,1000,0,0.1,0.8,8.0,0.9757729751144382,1418.6200236070863,312.7755662379021,1105.844457369184,1105.844457369184,1.8430740956153073,8.392333984375e-05,4.76837158203125e-07,0.08852434158325195,7.104873657226562e-05,0.0037469863891601562,0
225,492.4340553968686,115.7732460262772,312.7755662379021,1000,0,0.8,0.2,8.0,0.5564522910994087,1147.1467551687388,429.251992332847,717.8947628358917,717.8947628358917,1.1964912713931533,8.344650268554688e-05,7.152557373046875e-07,0.08902812004089355,7.200241088867188e-05,0.003746509552001953,0
226,348.7072640696954,99.80493638738042,429.251992332847,1000,0,0.9,0.1,8.0,0.5795733481424594,1146.236639756723,409.7597763911387,736.4768633655842,736.4768633655842,1.2274614389426395,8.416175842285156e-05,2.384185791015625e-07,0.08887887001037598,6.985664367675781e-05,0.003731250762939453,0
227,421.1975195065319,90.6298900312739,409.7597763911387,1000,0,0.3,0.5,8.0,0.1781903901347048,812.3114374201102,516.9553978819682,295.356039538142,295.356039538142,0.49226006589690385,9.298324584960938e-05,4.76837158203125e-07,0.08873629570007324,7.081031799316406e-05,0.0037202835083007812,0
228,417.7661965719139,49.31815510602455,516.9553978819682,1000,0,0.1,0.9,8.0,0.4402726782419548,1109.885665276891,491.12857055723566,618.7570947196552,618.7570947196552,1.0312618245327592,8.511543273925781e-05,2.384185791015625e-07,0.0895223617553711,7.176399230957031e-05,0.003705263137817383,0
229,427.68511670291934,85.27506857174644,491.12857055723566,1000,0,0.2,0.6,8.0,0.21728014065564152,956.8768897039458,595.113056509908,361.76383319403783,361.76383319403783,0.6029397219900634,8.535385131835938e-05,2.384185791015625e-07,0.09051299095153809,7.2479248046875e-05,0.003748178482055664,0
230,440.3738074737826,64.56288527877041,595.113056509908,1000,0,0.3,0.9,8.0,0.685148516932798,1318.3317055497087,499.0082797454098,819.3234258042988,819.3234258042988,1.365539043007164,8.392333984375e-05,2.384185791015625e-07,0.08886289596557617,6.866455078125e-05,0.0037093162536621094,0
231,486.79558218462023,103.94201542063604,499.0082797454098,1000,0,0.4,0.1,8.0,0.507278810695624,1245.9252670666947,568.5952424370862,677.3300246296085,677.3300246296085,1.1288833743826814,8.416175842285156e-05,2.384185791015625e-07,0.08920454978942871,7.152557373046875e-05,0.003808736801147461,0
232,491.6806612089361,94.28057573221982,568.5952424370862,1000,0,0.3,0.1,8.0,0.7372661261866746,1236.647346337128,376.3776392191508,860.2697071179773,860.2697071179773,1.4337828451966281,9.465217590332031e-05,7.152557373046875e-07,0.08931851387023926,7.200241088867188e-05,0.0037055015563964844,0
233,514.7550355773811,90.23653884496835,376.3776392191508,1000,0,0.1,0.1,8.0,0.5613771748979278,1250.252101003256,528.3770626935491,721.875038309707,721.875038309707,1.2031250638495115,8.273124694824219e-05,2.384185791015625e-07,0.08987879753112793,7.152557373046875e-05,0.003703594207763672,0
234,500.9172959415581,93.66685063271224,528.3770626935491,1000,0,0.6,0.1,7.0,0.6404857548734135,1115.1830496693974,330.69187791793956,784.4911717514578,784.4911717514578,1.3074852862524295,8.344650268554688e-05,4.76837158203125e-07,0.09027910232543945,7.033348083496094e-05,0.0037665367126464844,0
235,517.3931559927527,85.39855623952066,330.69187791793956,1000,0,0.4,0.5,8.0,0.5164444641178492,1232.3899371004613,547.3708933657981,685.0190437346632,685.0190437346632,1.1416984062244389,8.440017700195312e-05,4.76837158203125e-07,0.08898210525512695,7.176399230957031e-05,0.0037064552307128906,0
236,442.7126447628274,98.70966154220423,547.3708933657981,1000,0,0.6,0.1,7.0,0.58775772123856,1156.6827712493282,413.6861898238899,742.9965814254383,742.9965814254383,1.2383276357090631,8.702278137207031e-05,4.76837158203125e-07,0.09017658233642578,6.937980651855469e-05,0.0037517547607421875,0
237,505.5075939246098,93.02502533210263,413.6861898238899,1000,0,0.1,0.1,8.0,0.613043649079568,1232.217046858195,469.23027499857636,762.9867718596188,762.9867718596188,1.2716446197660316,8.463859558105469e-05,2.384185791015625e-07,0.09045553207397461,7.081031799316406e-05,0.003743410110473633,0
238,496.3254535145378,91.98644916795716,469.23027499857636,1000,0,0.1,0.1,8.0,0.4114078636406556,1175.4268982037256,583.5149588441537,591.9119393595719,591.9119393595719,0.9865198989326194,8.320808410644531e-05,4.76837158203125e-07,0.09220314025878906,0.00012993812561035156,0.003866434097290039,0
239,493.6159356629417,85.22637031759798,583.5149588441537,1000,0,0.5,0.1,8.0,0.3777085804373812,1188.154922812738,629.1899043551764,558.9650184575617,558.9650184575617,0.9316083640959363,8.416175842285156e-05,2.384185791015625e-07,0.0894925594329834,7.104873657226562e-05,0.003734588623046875,0
240,538.5654472535477,81.19868444489879,629.1899043551764,1000,0,0.1,0.7,8.0,0.39885359686985233,1199.251999423676,619.3941831105714,579.8578163131045,579.8578163131045,0.966429693855174,8.249282836914062e-05,4.76837158203125e-07,0.09012460708618164,7.390975952148438e-05,0.003718137741088867,0
241,547.6278929637107,81.45301330749564,619.3941831105714,1000,0,0.1,0.1,8.0,0.6614255191009195,1192.937946698105,392.11051177525894,800.827434922846,800.827434922846,1.3347123915380763,8.296966552734375e-05,4.76837158203125e-07,0.08997845649719238,7.224082946777344e-05,0.0037221908569335938,0
242,554.8045219783968,79.76667808996353,392.11051177525894,1000,0,0.1,0.6,8.0,0.7693429108664768,1496.6266149235216,610.6259428402848,886.0006720832369,886.0006720832369,1.476667786805396,8.368492126464844e-05,2.384185791015625e-07,0.09021997451782227,7.05718994140625e-05,0.003747701644897461,0
243,538.535120958083,119.76143674567983,610.6259428402848,1000,0,0.5,0.1,8.0,0.8706691613833525,1465.6992052209594,491.57295292334095,974.1262522976184,974.1262522976184,1.623543753829364,8.249282836914062e-05,4.76837158203125e-07,0.09030628204345703,7.176399230957031e-05,0.0037491321563720703,0
244,574.5805318991838,111.38983416522194,491.57295292334095,1000,0,0.3,0.1,8.0,0.779725549386803,1398.1693084225008,503.6988553283673,894.4704530941335,894.4704530941335,1.4907840884902228,8.535385131835938e-05,2.384185791015625e-07,0.09009337425231934,6.985664367675781e-05,0.003786802291870117,0
245,549.6782582064309,106.06138127700873,503.6988553283673,1000,0,0.3,0.1,8.0,0.4701411649373037,1325.2748481491903,679.8404824725169,645.4343656766735,645.4343656766735,1.0757239427944558,8.392333984375e-05,4.76837158203125e-07,0.09055685997009277,7.867813110351562e-05,0.003661632537841797,0
246,535.8844373430118,98.67380135077231,679.8404824725169,1000,0,0.3,0.6,8.0,0.8434646641540904,1378.519726839472,429.6051131095873,948.9146137298846,948.9146137298846,1.581524356216475,8.153915405273438e-05,4.76837158203125e-07,0.09076929092407227,7.104873657226562e-05,0.00371551513671875,0
247,579.0712508818633,99.93105949470109,429.6051131095873,1000,0,0.4,0.1,7.0,0.5735527173857836,1211.6262484539259,479.9636066350629,731.662641818863,731.662641818863,1.219437736364771,8.225440979003906e-05,4.76837158203125e-07,0.09195470809936523,7.176399230957031e-05,0.003679513931274414,0
248,519.284795772953,98.90592181156755,479.9636066350629,1000,0,0.2,0.1,8.0,0.3311768281424774,1248.708756036911,738.8211037126712,509.88765232423975,509.88765232423975,0.8498127538737332,8.177757263183594e-05,2.384185791015625e-07,0.0913400650024414,6.937980651855469e-05,0.0037424564361572266,0
249,511.420557945375,92.16102476144201,738.8211037126712,1000,0,0.2,0.1,8.0,0.6517138872550331,1365.9963946722862,572.7412024727117,793.2551921995745,793.2551921995745,1.3220919869992906,8.606910705566406e-05,2.384185791015625e-07,0.09078335762023926,7.200241088867188e-05,0.0037584304809570312,0
250,556.9006670988342,101.1369659466815,572.7412024727117,1000,0,0.4,0.1,7.0,0.48409096036680416,1207.0527915695075,549.4876413203049,657.5651502492026,657.5651502492026,1.0959419170820048,8.273124694824219e-05,2.384185791015625e-07,0.09170889854431152,7.081031799316406e-05,0.003722667694091797,0
251,563.2368812483852,91.97370147444602,549.4876413203049,1000,0,0.1,0.1,8.0,0.6968565332667725,1233.9720606198064,405.50401333068527,828.4680472891212,828.4680472891212,1.380780078815203,8.487701416015625e-05,2.384185791015625e-07,0.09104156494140625,7.2479248046875e-05,0.003702878952026367,0
252,561.8619572555772,84.01376292052865,405.50401333068527,1000,0,0.1,0.8,8.0,0.962929530403914,1581.2699405433113,498.25220199770627,1083.017738545605,1083.017738545605,1.805029564242675,8.487701416015625e-05,2.384185791015625e-07,0.09165716171264648,7.05718994140625e-05,0.0037126541137695312,0
253,546.226162863088,129.38047221002793,498.25220199770627,1000,0,0.4,0.1,8.0,0.6809921424362579,1481.6034796445197,665.522638213303,816.0808414312166,816.0808414312166,1.3601347357186944,8.368492126464844e-05,2.384185791015625e-07,0.09114956855773926,7.104873657226562e-05,0.0036666393280029297,0
254,527.0365785169354,119.32086264094805,665.522638213303,1000,0,0.2,0.1,8.0,0.9911196395586123,1502.4750796767103,359.1847451147481,1143.290334561962,1143.290334561962,1.905483890936602,8.344650268554688e-05,4.76837158203125e-07,0.09176778793334961,7.176399230957031e-05,0.0037267208099365234,0
255,554.7337904562089,118.46766115256266,359.1847451147481,1000,0,0.2,0.1,8.0,0.8666950551488626,1493.742530704903,523.4037430080201,970.3387876968828,970.3387876968828,1.617231312828138,8.273124694824219e-05,4.76837158203125e-07,0.09438252449035645,7.176399230957031e-05,0.003755807876586914,0
256,515.6239813879167,122.26481866462326,523.4037430080201,1000,0,0.7,0.1,8.0,0.993529407647813,1403.2436516961016,251.61215194833827,1151.6314997477632,1151.6314997477632,1.9193858329129387,8.344650268554688e-05,2.384185791015625e-07,0.09214067459106445,7.176399230957031e-05,0.0037500858306884766,0
257,521.0698145219891,110.27172964676404,251.61215194833827,1000,0,0.3,0.1,8.0,0.8553259351490013,1385.0852602478394,425.3738542317986,959.7114060160409,959.7114060160409,1.5995190100267358,8.392333984375e-05,2.384185791015625e-07,0.09183597564697266,7.128715515136719e-05,0.003759622573852539,0
258,440.2325157498938,118.1065930622432,425.3738542317986,1000,0,0.9,0.1,8.0,0.7916972505532773,1278.415883353207,374.07013926975793,904.3457440834491,904.3457440834491,1.5072429068057485,8.296966552734375e-05,4.76837158203125e-07,0.09479594230651855,7.2479248046875e-05,0.0036766529083251953,0
259,426.85972038360813,106.44452037119984,374.07013926975793,1000,0,0.3,0.1,7.0,0.3332346324432717,1107.4902191337987,595.3285271532911,512.1616919805076,512.1616919805076,0.853602819967513,9.417533874511719e-05,4.76837158203125e-07,0.09255075454711914,7.176399230957031e-05,0.0036551952362060547,0
260,411.02284604945305,99.49533901204939,595.3285271532911,1000,0,0.5,0.2,8.0,0.8222755725374368,1287.3904011615587,357.15302920938416,930.2373719521745,930.2373719521745,1.550395619920292,8.392333984375e-05,4.76837158203125e-07,0.09623599052429199,7.009506225585938e-05,0.0037415027618408203,0
261,503.1756866013721,98.02683932002333,357.15302920938416,1000,0,0.1,0.8,8.0,0.8008123608751107,1486.506870352061,574.5524330571693,911.9544372948917,911.9544372948917,1.5199240621581538,8.249282836914062e-05,4.76837158203125e-07,0.0926659107208252,7.176399230957031e-05,0.003713846206665039,0
262,488.5734208621733,124.74168118623598,574.5524330571693,1000,0,0.9,0.1,8.0,0.9188411791749909,1470.9729573541686,446.76656018879794,1024.2063971653706,1024.2063971653706,1.7070106619422845,8.344650268554688e-05,7.152557373046875e-07,0.09227824211120605,7.152557373046875e-05,0.0037374496459960938,0
263,565.9545318376697,113.12730318956234,446.76656018879794,1000,0,0.2,0.1,8.0,0.9376281410873571,1432.9138223280222,385.99741592472895,1046.9164064032932,1046.9164064032932,1.7448606773388224,8.368492126464844e-05,4.76837158203125e-07,0.0923302173614502,7.152557373046875e-05,0.003671407699584961,0
264,542.1169375078954,111.34961060251585,385.99741592472895,1000,0,0.2,0.1,8.0,0.7513658312965658,1412.526723342603,541.0172439584344,871.5094793841686,871.5094793841686,1.4525157989736144,9.632110595703125e-05,4.76837158203125e-07,0.09289336204528809,7.2479248046875e-05,0.0037305355072021484,0
265,510.89303319126213,112.70421126891759,541.0172439584344,1000,0,0.3,0.1,8.0,0.7197851358025251,1348.2701755872367,501.81789629755514,846.4522792896817,846.4522792896817,1.4107537988161356,8.344650268554688e-05,4.76837158203125e-07,0.09378790855407715,7.319450378417969e-05,0.003698587417602539,0
266,519.9302964214138,103.54248489572788,501.81789629755514,1000,0,0.3,0.1,8.0,0.5526804759333185,1270.145411702858,555.3078796741966,714.8375320286614,714.8375320286614,1.191395886714436,9.512901306152344e-05,2.384185791015625e-07,0.09416985511779785,7.104873657226562e-05,0.003724813461303711,0
267,514.4965763842562,94.4561044148252,555.3078796741966,1000,0,0.2,0.8,7.0,0.19610875198845132,837.7320219619323,510.4954275647361,327.23659439719626,327.23659439719626,0.5453943239953274,8.20159912109375e-05,4.76837158203125e-07,0.09298276901245117,7.033348083496094e-05,0.003754138946533203,0
268,522.6588370422443,45.01045498852687,510.4954275647361,1000,0,0.2,0.9,8.0,0.09825840370892426,626.295757728012,522.9168738559083,103.37888387210364,103.37888387210364,0.1722981397868395,8.320808410644531e-05,4.76837158203125e-07,0.09412670135498047,7.176399230957031e-05,0.0037941932678222656,0
269,520.2261551467427,13.258700322658658,522.9168738559083,1000,0,0.1,0.8,8.0,0.14230770051220928,557.2076872987067,335.4403540615001,221.76733323720657,221.76733323720657,0.3696122220620115,8.368492126464844e-05,2.384185791015625e-07,0.09359622001647949,7.200241088867188e-05,0.003712892532348633,0
270,520.4952270176593,4.589057535130922,335.4403540615001,1000,0,0.1,0.9,7.0,0.9792532020987633,1554.4632096580578,441.4909175087441,1112.9722921493137,1112.9722921493137,1.8549538202488574,9.393692016601562e-05,4.76837158203125e-07,0.09414839744567871,6.985664367675781e-05,0.0037810802459716797,0
271,501.9897397220434,150.35335284800206,441.4909175087441,1000,0,0.3,0.1,8.0,0.9849738973328094,1600.263574003116,474.18391694633243,1126.0796570567836,1126.0796570567836,1.8767994284279732,8.273124694824219e-05,2.384185791015625e-07,0.09306979179382324,6.914138793945312e-05,0.0036449432373046875,0
272,483.8400930580536,139.5529351181328,474.18391694633243,1000,0,0.1,0.1,8.0,0.975730969702352,1494.6080550978768,388.8465348385341,1105.7615202593427,1105.7615202593427,1.8429358670989036,8.296966552734375e-05,4.76837158203125e-07,0.09392428398132324,6.961822509765625e-05,0.0036618709564208984,0
273,482.87447544688143,126.46669745637443,388.8465348385341,1000,0,0.5,0.1,8.0,0.9083752280245432,1384.0319030719427,371.5227293085199,1012.5091737634227,1012.5091737634227,1.6875152896057042,8.487701416015625e-05,4.76837158203125e-07,0.09469246864318848,7.081031799316406e-05,0.0038437843322753906,0
274,435.8605051427078,118.52142474115436,371.5227293085199,1000,0,0.6,0.1,8.0,0.5735664527373194,1271.2001860454466,539.5265426908624,731.6736433545842,731.6736433545842,1.2194560722576409,8.392333984375e-05,2.384185791015625e-07,0.09413909912109375,6.985664367675781e-05,0.003723621368408203,0
275,397.25783964219505,109.24279330040643,539.5265426908624,1000,0,0.8,0.2,8.0,0.471591695578567,1255.7526641793038,609.0478178146968,646.704846364607,646.704846364607,1.0778414106076788,8.249282836914062e-05,2.384185791015625e-07,0.09474611282348633,7.081031799316406e-05,0.0037517547607421875,0
276,511.0728020811289,93.08498276227185,609.0478178146968,1000,0,0.3,0.2,8.0,0.45768741667209695,1245.9412141013354,611.5067447926762,634.4344693086592,634.4344693086592,1.0573907821810993,8.511543273925781e-05,2.384185791015625e-07,0.09437179565429688,7.05718994140625e-05,0.0037088394165039062,0
277,540.4653068011993,88.184488412517,611.5067447926762,1000,0,0.1,0.1,8.0,0.6397173649300557,1233.6476025243328,449.7567249446837,783.8908775796491,783.8908775796491,1.3064847959660817,8.320808410644531e-05,2.384185791015625e-07,0.09507870674133301,7.128715515136719e-05,0.0036857128143310547,0
278,547.569450600347,85.75976899049823,449.7567249446837,1000,0,0.1,0.1,8.0,0.4625373518229073,1225.6836772384454,586.9454782642955,638.7381989741499,638.7381989741499,1.0645636649569168,8.463859558105469e-05,2.384185791015625e-07,0.09450864791870117,7.009506225585938e-05,0.0037169456481933594,0
279,537.7881780347807,85.9869374004581,586.9454782642955,1000,0,0.3,0.1,8.0,0.4600861098312122,1199.1694055154617,562.6031326712457,636.566272844216,636.566272844216,1.0609437880736925,8.487701416015625e-05,4.76837158203125e-07,0.09471559524536133,7.033348083496094e-05,0.003740072250366211,0
280,552.5353681036352,80.82925467647833,562.6031326712457,1000,0,0.1,0.1,8.0,0.3961554615279812,1142.76156871972,565.5271698401907,577.2343988795292,577.2343988795292,0.962057331465882,8.273124694824219e-05,4.76837158203125e-07,0.0946950912475586,7.033348083496094e-05,0.0037221908569335938,0
281,553.5421445603962,73.65242801991545,565.5271698401907,1000,0,0.1,0.1,7.0,0.44324110265466193,1026.3015095401136,404.84634239923093,621.4551671408826,621.4551671408826,1.0357586119014703,0.00010061264038085938,4.76837158203125e-07,0.09473299980163574,7.128715515136719e-05,0.003742694854736328,0
282,554.7406470883757,67.3658374931054,404.84634239923093,1000,0,0.1,0.9,7.0,0.7767994638982539,1436.8080104520861,544.7328830177327,892.0751274343535,892.0751274343535,1.4867918790572556,8.344650268554688e-05,2.384185791015625e-07,0.09502243995666504,7.104873657226562e-05,0.0037360191345214844,0
283,539.7512166194613,128.15097054751783,544.7328830177327,1000,0,0.3,0.2,8.0,0.8305951014836722,1366.9913944091209,429.5045470256988,937.4868473834221,937.4868473834221,1.5624780789723705,8.130073547363281e-05,4.76837158203125e-07,0.09571266174316406,7.081031799316406e-05,0.0037889480590820312,0
284,541.2457165389426,103.21820973377228,429.5045470256988,1000,0,0.1,0.1,8.0,0.9465254949524773,1353.6963517203144,294.9993437783555,1058.6970079419589,1058.6970079419589,1.7644950132365977,8.440017700195312e-05,2.384185791015625e-07,0.09513592720031738,7.009506225585938e-05,0.003710031509399414,0
285,530.0715995876183,102.953094016587,294.9993437783555,1000,0,0.1,0.1,8.0,0.8046060361074195,1417.0786751087876,501.93215663310536,915.1465184756822,915.1465184756822,1.52524419745947,8.320808410644531e-05,2.384185791015625e-07,0.09584307670593262,7.200241088867188e-05,0.003708362579345703,0
286,506.564374006692,113.81428763776195,501.93215663310536,1000,0,0.2,0.1,8.0,0.8435407992323877,1328.0654206429563,379.0823580589569,948.9830625839993,948.9830625839993,1.5816384376399997,8.296966552734375e-05,2.384185791015625e-07,0.09712815284729004,7.05718994140625e-05,0.0037386417388916016,0
287,505.6379305319747,102.80343626387268,379.0823580589569,1000,0,0.2,0.1,8.0,0.6181714373012245,1301.507123519986,534.4898148704208,767.0173086495652,767.0173086495652,1.278362181082608,8.249282836914062e-05,4.76837158203125e-07,0.09656405448913574,7.104873657226562e-05,0.0037598609924316406,0
288,480.32681603737115,102.64753843532685,534.4898148704208,1000,0,0.3,0.1,8.0,0.7021400152085375,1265.969271768147,433.3675601545517,832.6017116135954,832.6017116135954,1.3876695193559918,9.799003601074219e-05,4.76837158203125e-07,0.09608006477355957,7.104873657226562e-05,0.003798246383666992,0
289,496.575715687286,96.17419451010764,433.3675601545517,1000,0,0.9,0.1,8.0,0.48707144639691735,1137.199228623219,477.066703779976,660.1325248432429,660.1325248432429,1.1002208747387385,8.96453857421875e-05,7.152557373046875e-07,0.0968778133392334,7.033348083496094e-05,0.0037469863891601562,0
290,439.6883757078252,87.18885661442422,477.066703779976,1000,0,0.3,0.1,8.0,0.4208750815762297,1099.5935054737292,498.74924266257074,600.8442628111585,600.8442628111585,1.0014071046852635,8.487701416015625e-05,4.76837158203125e-07,0.09717750549316406,7.152557373046875e-05,0.003724336624145508,0
291,450.90187412947034,81.08645391803238,498.74924266257074,1000,0,0.1,0.2,8.0,0.33497135123764205,1043.5401267458521,529.4674039625063,514.0727227833459,514.0727227833459,0.8567878713055768,8.296966552734375e-05,2.384185791015625e-07,0.09670782089233398,7.176399230957031e-05,0.0037016868591308594,0
292,455.6866109827804,73.48168947038397,529.4674039625063,1000,0,0.1,0.1,7.0,0.26415664135077715,972.4812335213994,543.485171807339,428.9960617140604,428.9960617140604,0.7149934361901007,8.320808410644531e-05,4.76837158203125e-07,0.09726214408874512,7.009506225585938e-05,0.003723621368408203,0
293,463.064690280753,72.77379189152091,543.485171807339,1000,0,0.1,0.3,4.0,0.25093896902580626,761.7274757783831,350.6031710604848,411.1243047178983,411.1243047178983,0.6852071745298307,9.751319885253906e-05,1.430511474609375e-06,0.09687113761901855,7.152557373046875e-05,0.0036509037017822266,0
294,471.1067384334116,72.65518433624288,350.6031710604848,1000,0,0.1,0.9,7.0,0.5758800426282884,1193.170237735984,459.64471098280126,733.5255267531828,733.5255267531828,1.222542544588638,8.273124694824219e-05,2.384185791015625e-07,0.0966494083404541,7.224082946777344e-05,0.004135847091674805,0
295,459.05638169611893,104.87340800569501,459.64471098280126,1000,0,0.1,0.1,8.0,0.6060700300158247,1214.6273493522026,457.13335142983357,757.4939979223691,757.4939979223691,1.2624899965372816,8.296966552734375e-05,2.384185791015625e-07,0.10076117515563965,7.152557373046875e-05,0.0037796497344970703,0
296,459.11521462478714,94.43901684092693,457.13335142983357,1000,0,0.1,0.1,7.0,0.2435505292893619,1055.131408215952,654.3406247661287,400.79078344982327,400.79078344982327,0.6679846390830395,8.296966552734375e-05,4.76837158203125e-07,0.09783458709716797,7.343292236328125e-05,0.0037202835083007812,0
297,458.91702830529175,85.17348284438005,654.3406247661287,1000,0,0.1,0.4,8.0,0.9448396049662948,1450.1120634116098,393.70987011396903,1056.4021932976407,1056.4021932976407,1.760670322162734,9.632110595703125e-05,4.76837158203125e-07,0.09863471984863281,7.152557373046875e-05,0.003741025924682617,0
298,478.4593879513755,121.4565844325293,393.70987011396903,1000,0,0.2,0.1,8.0,0.6680384053404934,1390.2365837140453,584.254786040862,805.9817976731833,805.9817976731833,1.343302996121972,9.012222290039062e-05,2.384185791015625e-07,0.09690117835998535,7.033348083496094e-05,0.0037539005279541016,0
299,461.50948438389423,116.09088741626888,584.254786040862,1000,0,0.4,0.1,8.0,0.7208110545102553,1405.3797392391618,558.1195287355023,847.2602105036596,847.2602105036596,1.4121003508394327,8.273124694824219e-05,7.152557373046875e-07,0.09980106353759766,7.224082946777344e-05,0.0038123130798339844,0
